date,time,deg_c,do_percent,spc_uS_cm,pH,FNU,tss_mg_L,bga_pe_RFU,bga_pe_ug_L,chl_RFU,chl_ug_L,dep_m,effluent_discharging,salinity
12/15/23,04:26:31PM,16.768,68,50162,8.3,0.58,0,-0.33,-0.93,0.04,0.17,0.043,,
12/15/23,04:26:32PM,16.768,67.7,50161,8.3,0.58,0,-0.34,-0.94,0.05,0.19,0.038,,
12/15/23,04:26:33PM,16.769,67.4,50161,8.3,0.56,0,-0.34,-0.96,0.05,0.18,0.038,,
12/15/23,04:26:34PM,16.769,67.2,50160,8.3,0.54,0,-0.34,-0.96,0.05,0.19,0.038,,
12/15/23,04:26:35PM,16.769,67,50160,8.31,0.55,0,-0.33,-0.92,0.04,0.17,0.038,,
12/15/23,04:26:36PM,16.769,66.8,50160,8.31,0.54,0,-0.33,-0.92,0.05,0.19,0.038,,
12/15/23,04:26:37PM,16.769,66.7,50160,8.31,0.55,0,-0.33,-0.92,0.04,0.17,0.038,,
12/15/23,04:26:38PM,16.769,66.5,50160,8.31,0.56,0,-0.33,-0.92,0.03,0.14,0.038,,
12/15/23,04:26:39PM,16.769,66.4,50160,8.31,0.54,0,-0.33,-0.93,0.04,0.15,0.038,,
12/15/23,04:26:40PM,16.769,66.3,50160,8.31,0.54,0,-0.32,-0.91,0.04,0.18,0.038,,
12/15/23,04:26:41PM,16.769,66.2,50160,8.31,0.55,0,-0.33,-0.94,0.04,0.15,0.038,,
12/15/23,04:26:42PM,16.77,66.1,50159,8.32,0.52,0,-0.34,-0.95,0.04,0.15,0.038,,
12/15/23,04:26:43PM,16.77,66,50159,8.32,0.51,0,-0.34,-0.96,0.04,0.14,0.038,,
12/15/23,04:26:44PM,16.77,66,50159,8.32,0.5,0,-0.36,-1.01,0.03,0.14,0.038,,
12/15/23,04:26:45PM,16.77,65.9,50159,8.32,0.52,0,-0.36,-1,0.04,0.15,0.038,,
12/15/23,04:26:46PM,16.77,65.8,50159,8.32,0.5,0,-0.37,-1.04,0.04,0.16,0.038,,
12/15/23,04:26:47PM,16.77,65.7,50159,8.32,0.5,0,-0.38,-1.06,0.05,0.19,0.038,,
12/15/23,04:26:48PM,16.77,65.7,50159,8.32,0.49,0,-0.38,-1.06,0.05,0.19,0.038,,
12/15/23,04:26:49PM,16.77,65.6,50159,8.32,0.48,0,-0.39,-1.08,0.06,0.22,0.038,,
12/15/23,04:26:50PM,16.77,65.6,50158,8.32,0.45,0,-0.38,-1.07,0.06,0.23,0.038,,
12/15/23,04:26:51PM,16.771,65.5,50158,8.32,0.45,0,-0.38,-1.06,0.05,0.2,0.038,,
12/15/23,04:26:52PM,16.771,65.5,50158,8.32,0.43,0,-0.38,-1.07,0.05,0.2,0.038,,
12/15/23,04:26:53PM,16.771,65.5,50157,8.32,0.43,0,-0.38,-1.06,0.05,0.18,0.038,,
12/15/23,04:26:54PM,16.771,65.4,50157,8.32,0.42,0,-0.4,-1.11,0.04,0.17,0.038,,
12/15/23,04:26:55PM,16.771,65.4,50156,8.32,0.41,0,-0.41,-1.15,0.04,0.15,0.038,,
12/15/23,04:26:56PM,16.771,65.4,50156,8.32,0.42,0,-0.41,-1.15,0.04,0.15,0.038,,
12/15/23,04:26:57PM,16.771,65.3,50156,8.32,0.42,0,-0.41,-1.16,0.03,0.13,0.038,,
12/15/23,04:26:58PM,16.771,65.3,50156,8.32,0.42,0,-0.42,-1.17,0.03,0.12,0.038,,
12/15/23,04:26:59PM,16.771,65.3,50156,8.32,0.43,0,-0.41,-1.16,0.03,0.14,0.038,,
12/15/23,04:27:00PM,16.772,65.3,50156,8.32,0.4,0,-0.41,-1.16,0.03,0.1,0.038,,
12/15/23,04:27:01PM,16.772,65.3,50155,8.32,0.41,0,-0.41,-1.15,0.03,0.11,0.038,,
12/15/23,04:27:02PM,16.772,65.3,50156,8.32,0.4,0,-0.4,-1.11,0.03,0.14,0.038,,
12/15/23,04:27:03PM,16.772,65.2,50155,8.32,0.41,0,-0.38,-1.07,0.05,0.18,0.037,,
12/15/23,04:27:04PM,16.772,65.2,50155,8.32,0.41,0,-0.38,-1.07,0.05,0.19,0.037,,
12/15/23,04:27:05PM,16.772,65.2,50155,8.32,0.4,0,-0.37,-1.02,0.05,0.19,0.037,,
12/15/23,04:27:06PM,16.772,65.2,50155,8.32,0.39,0,-0.35,-0.98,0.06,0.24,0.037,,
12/15/23,04:27:07PM,16.772,65.2,50155,8.32,0.39,0,-0.35,-0.99,0.06,0.24,0.037,,
12/15/23,04:27:08PM,16.772,65.2,50155,8.32,0.37,0,-0.35,-0.99,0.07,0.26,0.037,,
12/15/23,04:27:09PM,16.772,65.2,50155,8.32,0.37,0,-0.36,-1,0.06,0.26,0.037,,
12/15/23,04:27:10PM,16.772,65.2,50155,8.32,0.37,0,-0.36,-1.02,0.06,0.23,0.037,,
12/15/23,04:27:11PM,16.772,65.2,50154,8.32,0.38,0,-0.37,-1.04,0.06,0.23,0.037,,
12/15/23,04:27:12PM,16.772,65.2,50154,8.32,0.38,0,-0.37,-1.04,0.06,0.22,0.037,,
12/15/23,04:27:13PM,16.773,65.1,50155,8.32,0.38,0,-0.36,-1.01,0.05,0.22,0.037,,
12/15/23,04:27:14PM,16.773,65.1,50154,8.32,0.38,0,-0.35,-0.99,0.05,0.19,0.037,,
12/15/23,04:27:15PM,16.773,65.1,50154,8.32,0.43,0,-0.35,-0.97,0.05,0.21,0.038,,
12/15/23,04:27:16PM,16.773,65.1,50154,8.32,0.42,0,-0.35,-0.98,0.06,0.23,0.037,,
12/15/23,04:27:17PM,16.773,65.1,50153,8.32,0.42,0,-0.37,-1.02,0.06,0.23,0.037,,
12/15/23,04:27:18PM,16.773,65.1,50154,8.32,0.42,0,-0.37,-1.04,0.05,0.22,0.037,,
12/15/23,04:27:19PM,16.773,65.1,50153,8.32,0.41,0,-0.38,-1.06,0.05,0.2,0.037,,
12/15/23,04:27:20PM,16.773,65.1,50153,8.32,0.41,0,-0.37,-1.03,0.05,0.19,0.037,,
12/15/23,04:27:21PM,16.773,65.1,50153,8.32,0.42,0,-0.36,-1,0.05,0.2,0.037,,
12/15/23,04:27:22PM,16.774,65.1,50153,8.32,0.43,0,-0.36,-1,0.05,0.21,0.038,,
12/15/23,04:27:23PM,16.774,65.1,50153,8.32,0.43,0,-0.35,-0.99,0.05,0.21,0.038,,
12/15/23,04:27:24PM,16.774,65.1,50153,8.32,0.45,0,-0.36,-1,0.05,0.18,0.038,,
12/15/23,04:27:25PM,16.774,65.1,50153,8.32,0.44,0,-0.36,-1.02,0.04,0.17,0.038,,
12/15/23,04:27:26PM,16.774,65.1,50154,8.32,0.44,0,-0.37,-1.04,0.04,0.14,0.038,,
12/15/23,04:27:27PM,16.774,65.1,50154,8.32,0.45,0,-0.38,-1.06,0.03,0.12,0.038,,
12/15/23,04:27:28PM,16.774,65,50154,8.32,0.44,0,-0.37,-1.05,0.03,0.12,0.038,,
12/15/23,04:27:29PM,16.775,65,50153,8.32,0.41,0,-0.36,-1.01,0.03,0.1,0.038,,
12/15/23,04:27:30PM,16.775,65,50154,8.33,0.44,0,-0.37,-1.03,0.03,0.14,0.038,,
12/15/23,04:27:31PM,16.775,65,50154,8.33,0.51,0,-0.37,-1.03,0.04,0.17,0.038,,
12/15/23,04:27:32PM,16.775,65,50154,8.33,0.51,0,-0.38,-1.06,0.04,0.15,0.038,,
12/15/23,04:27:33PM,16.775,65,50154,8.33,0.51,0,-0.38,-1.07,0.04,0.16,0.038,,
12/15/23,04:27:34PM,16.775,65,50154,8.33,0.51,0,-0.39,-1.09,0.04,0.15,0.038,,
12/15/23,04:27:35PM,16.775,65,50154,8.33,0.5,0,-0.38,-1.07,0.05,0.18,0.038,,
12/15/23,04:27:36PM,16.775,65,50153,8.33,0.51,0,-0.38,-1.06,0.05,0.21,0.038,,
12/15/23,04:27:37PM,16.775,65,50153,8.33,0.51,0,-0.37,-1.04,0.06,0.25,0.038,,
12/15/23,04:27:38PM,16.775,65,50154,8.33,0.51,0,-0.37,-1.04,0.07,0.27,0.038,,
12/15/23,04:27:39PM,16.776,65,50153,8.33,0.51,0,-0.37,-1.05,0.07,0.26,0.038,,
12/15/23,04:27:40PM,16.776,65,50153,8.33,0.51,0,-0.38,-1.07,0.07,0.28,0.038,,
12/15/23,04:27:41PM,16.776,65,50153,8.33,0.5,0,-0.4,-1.11,0.07,0.26,0.038,,
12/15/23,04:27:42PM,16.776,65,50153,8.33,0.5,0,-0.39,-1.1,0.06,0.26,0.038,,
12/15/23,04:27:43PM,16.776,65,50152,8.33,0.51,0,-0.39,-1.09,0.06,0.26,0.038,,
12/15/23,04:27:44PM,16.776,65,50152,8.33,0.49,0,-0.39,-1.1,0.06,0.25,0.038,,
12/15/23,04:27:45PM,16.776,65,50152,8.33,0.46,0,-0.38,-1.05,0.06,0.25,0.038,,
12/15/23,04:27:46PM,16.776,65,50153,8.33,0.41,0,-0.37,-1.04,0.06,0.23,0.038,,
12/15/23,04:27:47PM,16.776,65,50153,8.33,0.39,0,-0.38,-1.08,0.05,0.2,0.038,,
12/15/23,04:27:48PM,16.776,65,50153,8.33,0.4,0,-0.38,-1.07,0.05,0.19,0.038,,
12/15/23,04:27:49PM,16.777,64.9,50153,8.33,0.41,0,-0.37,-1.03,0.05,0.2,0.038,,
12/15/23,04:27:50PM,16.777,64.9,50153,8.33,0.44,0,-0.37,-1.04,0.05,0.2,0.038,,
12/15/23,04:27:51PM,16.777,64.9,50153,8.33,0.45,0,-0.37,-1.03,0.05,0.22,0.038,,
12/15/23,04:27:52PM,16.777,64.9,50153,8.33,0.44,0,-0.36,-1.01,0.06,0.22,0.038,,
12/15/23,04:27:53PM,16.777,64.9,50154,8.33,0.43,0,-0.37,-1.04,0.05,0.21,0.038,,
12/15/23,04:27:54PM,16.777,64.9,50154,8.33,0.41,0,-0.38,-1.07,0.06,0.24,0.038,,
12/15/23,04:27:55PM,16.778,64.9,50155,8.33,0.41,0,-0.38,-1.06,0.06,0.25,0.038,,
12/15/23,04:27:56PM,16.778,64.9,50155,8.33,0.41,0,-0.38,-1.08,0.06,0.24,0.038,,
12/15/23,04:27:57PM,16.778,64.9,50156,8.33,0.4,0,-0.38,-1.07,0.06,0.25,0.038,,
12/15/23,04:27:58PM,16.778,64.9,50156,8.33,0.39,0,-0.39,-1.09,0.07,0.26,0.038,,
12/15/23,04:27:59PM,16.778,64.9,50156,8.33,0.4,0,-0.4,-1.11,0.06,0.24,0.038,,
12/15/23,04:28:00PM,16.779,64.9,50157,8.33,0.39,0,-0.39,-1.09,0.06,0.23,0.038,,
12/15/23,04:28:01PM,16.779,64.9,50158,8.33,0.39,0,-0.39,-1.1,0.05,0.21,0.038,,
12/15/23,04:28:02PM,16.779,64.9,50158,8.33,0.39,0,-0.39,-1.1,0.05,0.19,0.038,,
12/15/23,04:28:03PM,16.779,64.9,50159,8.33,0.4,0,-0.4,-1.13,0.04,0.16,0.038,,
12/15/23,04:28:04PM,16.78,64.9,50159,8.33,0.38,0,-0.41,-1.14,0.05,0.19,0.038,,
12/15/23,04:28:05PM,16.78,64.8,50159,8.33,0.37,0,-0.41,-1.15,0.04,0.17,0.038,,
12/15/23,04:28:06PM,16.78,64.8,50159,8.33,0.36,0,-0.4,-1.11,0.04,0.15,0.038,,
12/15/23,04:28:07PM,16.781,64.8,50159,8.33,0.37,0,-0.4,-1.13,0.04,0.15,0.038,,
12/15/23,04:28:08PM,16.781,64.8,50158,8.33,0.4,0,-0.4,-1.12,0.04,0.15,0.038,,
12/15/23,04:28:09PM,16.782,64.8,50158,8.33,0.41,0,-0.4,-1.11,0.04,0.15,0.038,,
12/15/23,04:28:10PM,16.782,64.8,50157,8.33,0.42,0,-0.4,-1.11,0.05,0.2,0.038,,
12/15/23,04:28:11PM,16.782,64.8,50157,8.33,0.42,0,-0.4,-1.11,0.05,0.22,0.038,,
12/15/23,04:28:12PM,16.782,64.8,50157,8.33,0.42,0,-0.39,-1.09,0.05,0.21,0.038,,
12/15/23,04:28:13PM,16.783,64.8,50156,8.33,0.43,0,-0.39,-1.09,0.05,0.2,0.038,,
12/15/23,04:28:14PM,16.783,64.7,50156,8.33,0.43,0,-0.38,-1.07,0.06,0.23,0.038,,
12/15/23,04:28:15PM,16.783,64.7,50155,8.33,0.44,0,-0.37,-1.04,0.06,0.23,0.038,,
12/15/23,04:28:16PM,16.783,64.7,50155,8.33,0.43,0,-0.37,-1.02,0.06,0.24,0.038,,
12/15/23,04:28:17PM,16.783,64.7,50154,8.33,0.43,0,-0.36,-1.01,0.07,0.27,0.038,,
12/15/23,04:28:18PM,16.784,64.7,50154,8.33,0.43,0,-0.35,-0.99,0.08,0.3,0.038,,
12/15/23,04:28:19PM,16.784,64.7,50154,8.33,0.42,0,-0.35,-0.97,0.08,0.31,0.038,,
12/15/23,04:28:20PM,16.784,64.7,50154,8.33,0.41,0,-0.35,-0.98,0.07,0.3,0.038,,
12/15/23,04:28:21PM,16.784,64.7,50154,8.33,0.4,0,-0.36,-1,0.07,0.26,0.038,,
12/15/23,04:28:22PM,16.784,64.6,50154,8.33,0.39,0,-0.36,-1,0.06,0.24,0.038,,
12/15/23,04:28:23PM,16.784,64.6,50153,8.33,0.37,0,-0.37,-1.05,0.07,0.28,0.038,,
12/15/23,04:28:24PM,16.784,64.6,50153,8.33,0.36,0,-0.37,-1.03,0.07,0.3,0.038,,
12/15/23,04:28:25PM,16.784,64.6,50152,8.33,0.36,0,-0.38,-1.07,0.07,0.29,0.038,,
12/15/23,04:28:26PM,16.785,64.6,50152,8.33,0.35,0,-0.39,-1.09,0.07,0.28,0.038,,
12/15/23,04:28:27PM,16.785,64.6,50152,8.33,0.35,0,-0.4,-1.13,0.06,0.26,0.038,,
12/15/23,04:28:28PM,16.785,64.6,50152,8.33,0.33,0,-0.41,-1.15,0.05,0.21,0.038,,
12/15/23,04:28:29PM,16.785,64.6,50152,8.33,0.32,0,-0.41,-1.15,0.04,0.15,0.038,,
12/15/23,04:28:30PM,16.785,64.5,50152,8.33,0.32,0,-0.42,-1.16,0.03,0.14,0.038,,
12/15/23,04:28:31PM,16.785,64.5,50152,8.33,0.32,0,-0.41,-1.15,0.04,0.15,0.038,,
12/15/23,04:28:32PM,16.785,64.5,50152,8.33,0.31,0,-0.4,-1.13,0.04,0.14,0.038,,
12/15/23,04:28:33PM,16.785,64.5,50151,8.33,0.32,0,-0.41,-1.16,0.03,0.12,0.038,,
12/15/23,04:28:34PM,16.785,64.5,50151,8.33,0.32,0,-0.42,-1.17,0.02,0.1,0.038,,
12/15/23,04:28:35PM,16.785,64.5,50151,8.33,0.33,0,-0.44,-1.22,0.02,0.09,0.038,,
12/15/23,04:28:36PM,16.785,64.5,50151,8.33,0.34,0,-0.45,-1.25,0.02,0.09,0.037,,
12/15/23,04:28:37PM,16.785,64.5,50151,8.33,0.34,0,-0.46,-1.28,0.02,0.06,0.037,,
12/15/23,04:28:38PM,16.785,64.5,50151,8.33,0.35,0,-0.47,-1.31,0.01,0.04,0.037,,
12/15/23,04:28:39PM,16.785,64.5,50151,8.33,0.35,0,-0.47,-1.32,0.01,0.05,0.037,,
12/15/23,04:28:40PM,16.785,64.5,50151,8.33,0.35,0,-0.48,-1.35,0.02,0.08,0.037,,
12/15/23,04:28:41PM,16.785,64.4,50151,8.33,0.36,0,-0.48,-1.35,0.02,0.09,0.037,,
12/15/23,04:28:42PM,16.785,64.4,50150,8.33,0.37,0,-0.47,-1.32,0.02,0.08,0.037,,
12/15/23,04:28:43PM,16.785,64.4,50150,8.33,0.38,0,-0.48,-1.35,0.01,0.06,0.037,,
12/15/23,04:28:44PM,16.786,64.4,50150,8.33,0.39,0,-0.47,-1.32,0.02,0.09,0.037,,
12/15/23,04:28:45PM,16.786,64.4,50149,8.33,0.39,0,-0.47,-1.31,0.02,0.1,0.037,,
12/15/23,04:28:46PM,16.786,64.4,50150,8.33,0.39,0,-0.46,-1.29,0.02,0.09,0.037,,
12/15/23,04:28:47PM,16.786,64.4,50150,8.33,0.4,0,-0.45,-1.27,0.02,0.07,0.037,,
12/15/23,04:28:48PM,16.786,64.4,50150,8.33,0.4,0,-0.47,-1.31,0.03,0.1,0.037,,
12/15/23,04:28:49PM,16.786,64.4,50150,8.33,0.4,0,-0.46,-1.3,0.03,0.12,0.037,,
12/15/23,04:28:50PM,16.786,64.4,50150,8.33,0.41,0,-0.46,-1.29,0.03,0.13,0.037,,
12/15/23,04:28:51PM,16.786,64.4,50150,8.33,0.41,0,-0.46,-1.3,0.03,0.11,0.037,,
12/15/23,04:28:52PM,16.786,64.4,50150,8.33,0.41,0,-0.46,-1.3,0.03,0.1,0.037,,
12/15/23,04:28:53PM,16.786,64.3,50151,8.33,0.41,0,-0.47,-1.32,0.02,0.09,0.037,,
12/15/23,04:28:54PM,16.786,64.3,50150,8.33,0.41,0,-0.46,-1.29,0.03,0.1,0.037,,
12/15/23,04:28:55PM,16.786,64.3,50150,8.33,0.41,0,-0.47,-1.3,0.02,0.08,0.037,,
12/15/23,04:28:56PM,16.786,64.3,50150,8.33,0.41,0,-0.45,-1.26,0.02,0.09,0.037,,
12/15/23,04:28:57PM,16.786,64.3,50150,8.33,0.4,0,-0.45,-1.26,0.02,0.08,0.037,,
12/15/23,04:28:58PM,16.786,64.3,50150,8.33,0.4,0,-0.45,-1.26,0.02,0.1,0.037,,
12/15/23,04:28:59PM,16.786,64.3,50150,8.33,0.38,0,-0.44,-1.24,0.02,0.08,0.037,,
12/15/23,04:29:00PM,16.786,64.3,50150,8.33,0.39,0,-0.43,-1.21,0.03,0.12,0.037,,
12/15/23,04:29:01PM,16.787,64.3,50150,8.33,0.39,0,-0.44,-1.22,0.03,0.11,0.038,,
12/15/23,04:29:02PM,16.787,64.3,50150,8.33,0.39,0,-0.44,-1.24,0.03,0.12,0.038,,
12/15/23,04:29:03PM,16.787,64.3,50150,8.33,0.39,0,-0.44,-1.23,0.04,0.16,0.037,,
12/15/23,04:29:04PM,16.787,64.3,50150,8.33,0.39,0,-0.44,-1.23,0.04,0.18,0.037,,
12/15/23,04:29:05PM,16.787,64.3,50150,8.33,0.38,0,-0.44,-1.22,0.04,0.18,0.037,,
12/15/23,04:29:06PM,16.787,64.3,50150,8.33,0.38,0,-0.44,-1.24,0.04,0.14,0.037,,
12/15/23,04:29:07PM,16.787,64.2,50149,8.33,0.37,0,-0.44,-1.23,0.03,0.12,0.037,,
12/15/23,04:29:08PM,16.787,64.2,50149,8.33,0.37,0,-0.44,-1.23,0.04,0.14,0.038,,
12/15/23,04:29:09PM,16.787,64.2,50150,8.33,0.37,0,-0.44,-1.23,0.04,0.17,0.037,,
12/15/23,04:29:10PM,16.787,64.2,50149,8.33,0.38,0,-0.43,-1.21,0.05,0.18,0.038,,
12/15/23,04:29:11PM,16.787,64.2,50149,8.33,0.39,0,-0.42,-1.18,0.05,0.19,0.038,,
12/15/23,04:29:12PM,16.787,64.2,50149,8.33,0.41,0,-0.42,-1.17,0.05,0.21,0.038,,
12/15/23,04:29:13PM,16.787,64.2,50149,8.33,0.44,0,-0.41,-1.14,0.06,0.22,0.038,,
12/15/23,04:29:14PM,16.787,64.2,50148,8.33,0.47,0,-0.39,-1.1,0.05,0.21,0.038,,
12/15/23,04:29:15PM,16.787,64.2,50148,8.33,0.51,0,-0.39,-1.09,0.06,0.22,0.038,,
12/15/23,04:29:16PM,16.788,64.2,50148,8.33,0.55,0,-0.37,-1.04,0.06,0.23,0.038,,
12/15/23,04:29:17PM,16.788,64.2,50148,8.33,0.59,0,-0.37,-1.04,0.07,0.26,0.038,,
12/15/23,04:29:18PM,16.788,64.2,50148,8.33,0.62,0,-0.38,-1.05,0.07,0.28,0.038,,
12/15/23,04:29:19PM,16.788,64.2,50149,8.33,0.62,0,-0.37,-1.04,0.07,0.29,0.038,,
12/15/23,04:29:20PM,16.788,64.2,50149,8.33,0.63,0,-0.36,-1,0.07,0.28,0.038,,
12/15/23,04:29:21PM,16.788,64.2,50149,8.33,0.65,0,-0.34,-0.95,0.08,0.33,0.038,,
12/15/23,04:29:22PM,16.788,64.2,50149,8.33,0.66,0,-0.35,-0.99,0.08,0.33,0.038,,
12/15/23,04:29:23PM,16.788,64.2,50149,8.33,0.66,0,-0.35,-0.98,0.09,0.35,0.038,,
12/15/23,04:29:24PM,16.788,64.2,50149,8.33,0.66,0,-0.35,-0.97,0.09,0.38,0.038,,
12/15/23,04:29:25PM,16.788,64.2,50149,8.33,0.66,0,-0.34,-0.96,0.09,0.38,0.038,,
12/15/23,04:29:26PM,16.788,64.2,50149,8.33,0.66,0,-0.34,-0.97,0.09,0.36,0.038,,
12/15/23,04:29:27PM,16.788,64.2,50149,8.33,0.64,0,-0.35,-0.97,0.09,0.35,0.038,,
12/15/23,04:29:28PM,16.788,64.2,50149,8.33,0.63,0,-0.36,-1.01,0.1,0.38,0.038,,
12/15/23,04:29:29PM,16.788,64.1,50149,8.33,0.62,0,-0.35,-0.98,0.09,0.35,0.038,,
12/15/23,04:29:30PM,16.788,64.1,50148,8.33,0.59,0,-0.34,-0.94,0.08,0.33,0.038,,
12/15/23,04:29:31PM,16.788,64.1,50148,8.33,0.57,0,-0.34,-0.94,0.08,0.31,0.038,,
12/15/23,04:29:32PM,16.788,64.1,50148,8.33,0.54,0,-0.34,-0.94,0.07,0.27,0.038,,
12/15/23,04:29:33PM,16.788,64.1,50148,8.33,0.55,0,-0.35,-0.98,0.06,0.24,0.038,,
12/15/23,04:29:34PM,16.788,64.1,50148,8.33,0.56,0,-0.35,-0.99,0.05,0.2,0.038,,
12/15/23,04:29:35PM,16.788,64.1,50148,8.33,0.58,0,-0.36,-1.02,0.05,0.19,0.038,,
12/15/23,04:29:36PM,16.788,64.1,50148,8.33,0.59,0,-0.37,-1.04,0.05,0.19,0.038,,
12/15/23,04:29:37PM,16.788,64.1,50149,8.33,0.61,0,-0.37,-1.03,0.05,0.18,0.038,,
12/15/23,04:29:38PM,16.788,64.1,50149,8.33,0.63,0,-0.36,-1.02,0.04,0.17,0.038,,
12/15/23,04:29:39PM,16.788,64.1,50149,8.33,0.64,0,-0.39,-1.08,0.03,0.14,0.038,,
12/15/23,04:29:40PM,16.788,64.1,50149,8.33,0.64,0,-0.39,-1.1,0.04,0.15,0.038,,
12/15/23,04:29:41PM,16.788,64.1,50149,8.33,0.64,0,-0.38,-1.07,0.04,0.15,0.038,,
12/15/23,04:29:42PM,16.788,64.1,50149,8.33,0.64,0,-0.39,-1.08,0.04,0.16,0.038,,
12/15/23,04:29:43PM,16.788,64.1,50149,8.33,0.63,0,-0.38,-1.08,0.04,0.16,0.038,,
12/15/23,04:29:44PM,16.788,64.1,50149,8.33,0.62,0,-0.39,-1.1,0.04,0.17,0.038,,
12/15/23,04:29:45PM,16.788,64.1,50150,8.33,0.6,0,-0.39,-1.11,0.04,0.17,0.038,,
12/15/23,04:29:46PM,16.789,64.1,50150,8.33,0.58,0,-0.38,-1.06,0.04,0.15,0.038,,
12/15/23,04:29:47PM,16.789,64.1,50150,8.33,0.55,0,-0.38,-1.06,0.04,0.15,0.038,,
12/15/23,04:29:48PM,16.789,64.1,50150,8.33,0.54,0,-0.39,-1.09,0.04,0.15,0.038,,
12/15/23,04:29:49PM,16.789,64.1,50149,8.33,0.52,0,-0.42,-1.17,0.04,0.17,0.038,,
12/15/23,04:29:50PM,16.789,64.1,50149,8.33,0.5,0,-0.43,-1.2,0.04,0.14,0.038,,
12/15/23,04:29:51PM,16.789,64.1,50149,8.33,0.46,0,-0.44,-1.23,0.03,0.12,0.038,,
12/15/23,04:29:52PM,16.789,64.1,50149,8.33,0.43,0,-0.43,-1.21,0.04,0.14,0.038,,
12/15/23,04:29:53PM,16.789,64.1,50149,8.33,0.41,0,-0.45,-1.26,0.03,0.14,0.038,,
12/15/23,04:29:54PM,16.789,64.1,50149,8.33,0.4,0,-0.45,-1.25,0.04,0.14,0.038,,
12/15/23,04:29:55PM,16.789,64.1,50149,8.33,0.38,0,-0.43,-1.19,0.03,0.14,0.038,,
12/15/23,04:29:56PM,16.789,64.1,50148,8.33,0.37,0,-0.43,-1.19,0.04,0.15,0.038,,
12/15/23,04:29:57PM,16.789,64.1,50148,8.33,0.37,0,-0.43,-1.21,0.04,0.16,0.038,,
12/15/23,04:29:58PM,16.789,64.1,50148,8.33,0.36,0,-0.42,-1.17,0.03,0.13,0.038,,
12/15/23,04:29:59PM,16.789,64.1,50148,8.33,0.36,0,-0.42,-1.18,0.03,0.12,0.038,,
12/15/23,04:30:00PM,16.789,64.1,50148,8.33,0.36,0,-0.42,-1.19,0.03,0.12,0.038,,
12/15/23,04:30:01PM,16.789,64,50148,8.33,0.35,0,-0.42,-1.18,0.03,0.13,0.038,,
12/15/23,04:30:02PM,16.789,64,50148,8.33,0.36,0,-0.43,-1.19,0.03,0.13,0.038,,
12/15/23,04:30:03PM,16.79,64,50148,8.33,0.38,0,-0.41,-1.16,0.02,0.09,0.038,,
12/15/23,04:30:04PM,16.79,64,50148,8.33,0.39,0,-0.39,-1.09,0.02,0.09,0.038,,
12/15/23,04:30:05PM,16.79,64,50148,8.33,0.4,0,-0.4,-1.12,0.03,0.11,0.038,,
12/15/23,04:30:06PM,16.79,64,50148,8.33,0.43,0,-0.4,-1.12,0.03,0.1,0.038,,
12/15/23,04:30:07PM,16.79,64,50149,8.33,0.44,0,-0.4,-1.12,0.03,0.1,0.038,,
12/15/23,04:30:08PM,16.79,64,50149,8.33,0.45,0,-0.39,-1.1,0.03,0.11,0.038,,
12/15/23,04:30:09PM,16.79,64,50149,8.33,0.45,0,-0.38,-1.08,0.03,0.13,0.038,,
12/15/23,04:30:10PM,16.79,64,50150,8.33,0.47,0,-0.38,-1.06,0.03,0.14,0.037,,
12/15/23,04:30:11PM,16.79,64,50149,8.33,0.48,0,-0.38,-1.05,0.04,0.15,0.038,,
12/15/23,04:30:12PM,16.79,64,50149,8.33,0.5,0,-0.36,-1,0.04,0.16,0.038,,
12/15/23,04:30:13PM,16.79,64,50149,8.33,0.51,0,-0.34,-0.96,0.04,0.16,0.038,,
12/15/23,04:30:14PM,16.79,64,50149,8.33,0.53,0,-0.35,-0.98,0.05,0.19,0.038,,
12/15/23,04:30:15PM,16.79,64,50149,8.33,0.54,0,-0.34,-0.96,0.05,0.19,0.038,,
12/15/23,04:30:16PM,16.79,64,50148,8.33,0.55,0,-0.34,-0.95,0.05,0.2,0.038,,
12/15/23,04:30:17PM,16.79,64,50148,8.33,0.55,0,-0.33,-0.92,0.05,0.19,0.038,,
12/15/23,04:30:18PM,16.79,64,50148,8.33,0.54,0,-0.32,-0.89,0.05,0.19,0.038,,
12/15/23,04:30:19PM,16.79,64,50147,8.33,0.53,0,-0.32,-0.9,0.05,0.21,0.038,,
12/15/23,04:30:20PM,16.79,64,50147,8.33,0.5,0,-0.32,-0.89,0.05,0.2,0.038,,
12/15/23,04:30:21PM,16.79,64,50146,8.33,0.48,0,-0.31,-0.87,0.05,0.2,0.038,,
12/15/23,04:30:22PM,16.79,64,50146,8.33,0.47,0,-0.32,-0.89,0.04,0.18,0.038,,
12/15/23,04:30:23PM,16.79,64,50146,8.33,0.45,0,-0.32,-0.9,0.04,0.16,0.038,,
12/15/23,04:30:24PM,16.79,64,50146,8.33,0.45,0,-0.32,-0.89,0.04,0.16,0.038,,
12/15/23,04:30:25PM,16.79,64,50146,8.33,0.43,0,-0.32,-0.89,0.04,0.16,0.038,,
12/15/23,04:30:26PM,16.79,64,50146,8.33,0.41,0,-0.32,-0.9,0.03,0.14,0.038,,
12/15/23,04:30:27PM,16.79,64,50146,8.33,0.4,0,-0.33,-0.92,0.03,0.12,0.038,,
12/15/23,04:30:28PM,16.79,64,50146,8.33,0.37,0,-0.33,-0.91,0.03,0.11,0.038,,
12/15/23,04:30:29PM,16.79,64,50146,8.33,0.35,0,-0.35,-0.97,0.02,0.1,0.038,,
12/15/23,04:30:30PM,16.791,64,50146,8.33,0.34,0,-0.36,-1.01,0.02,0.1,0.038,,
12/15/23,04:30:31PM,16.791,64,50146,8.33,0.33,0,-0.37,-1.05,0.03,0.13,0.038,,
12/15/23,04:30:32PM,16.791,64,50146,8.33,0.33,0,-0.38,-1.06,0.03,0.13,0.038,,
12/15/23,04:30:33PM,16.791,64,50146,8.33,0.33,0,-0.37,-1.05,0.04,0.17,0.038,,
12/15/23,04:30:34PM,16.791,64,50146,8.33,0.33,0,-0.38,-1.07,0.05,0.19,0.038,,
12/15/23,04:30:35PM,16.791,64,50146,8.33,0.34,0,-0.4,-1.11,0.05,0.2,0.038,,
12/15/23,04:30:36PM,16.791,64,50146,8.33,0.33,0,-0.4,-1.13,0.05,0.19,0.038,,
12/15/23,04:30:37PM,16.791,63.9,50146,8.33,0.33,0,-0.42,-1.16,0.06,0.23,0.038,,
12/15/23,04:30:38PM,16.791,63.9,50145,8.33,0.34,0,-0.41,-1.15,0.06,0.24,0.038,,
12/15/23,04:30:39PM,16.791,63.9,50145,8.33,0.34,0,-0.42,-1.17,0.07,0.27,0.037,,
12/15/23,04:30:40PM,16.791,63.9,50145,8.33,0.33,0,-0.42,-1.18,0.07,0.26,0.038,,
12/15/23,04:30:41PM,16.791,63.9,50145,8.33,0.35,0,-0.41,-1.15,0.06,0.25,0.038,,
12/15/23,04:30:42PM,16.791,63.9,50145,8.33,0.35,0,-0.42,-1.18,0.06,0.23,0.038,,
12/15/23,04:30:43PM,16.791,63.9,50146,8.33,0.35,0,-0.41,-1.15,0.06,0.24,0.038,,
12/15/23,04:30:44PM,16.791,63.9,50146,8.33,0.35,0,-0.41,-1.15,0.05,0.2,0.038,,
12/15/23,04:30:45PM,16.791,63.9,50145,8.33,0.36,0,-0.4,-1.11,0.04,0.17,0.038,,
12/15/23,04:30:46PM,16.791,63.9,50146,8.33,0.35,0,-0.39,-1.1,0.04,0.16,0.038,,
12/15/23,04:30:47PM,16.791,63.9,50146,8.33,0.35,0,-0.38,-1.07,0.04,0.16,0.038,,
12/15/23,04:30:48PM,16.791,63.9,50145,8.33,0.35,0,-0.38,-1.05,0.03,0.14,0.038,,
12/15/23,04:30:49PM,16.791,63.9,50145,8.33,0.35,0,-0.36,-1,0.03,0.13,0.038,,
12/15/23,04:30:50PM,16.791,63.9,50145,8.33,0.35,0,-0.37,-1.04,0.03,0.13,0.038,,
12/15/23,04:30:51PM,16.791,63.9,50146,8.33,0.36,0,-0.38,-1.07,0.04,0.16,0.038,,
12/15/23,04:30:52PM,16.791,63.9,50146,8.33,0.35,0,-0.38,-1.07,0.04,0.16,0.037,,
12/15/23,04:30:53PM,16.791,63.9,50146,8.33,0.35,0,-0.37,-1.03,0.03,0.14,0.038,,
12/15/23,04:30:54PM,16.791,63.9,50146,8.33,0.36,0,-0.36,-1.02,0.04,0.14,0.038,,
12/15/23,04:30:55PM,16.791,63.9,50145,8.33,0.36,0,-0.35,-0.99,0.04,0.15,0.038,,
12/15/23,04:30:56PM,16.791,63.9,50145,8.33,0.36,0,-0.34,-0.96,0.05,0.19,0.037,,
12/15/23,04:30:57PM,16.791,63.9,50145,8.33,0.36,0,-0.34,-0.95,0.04,0.17,0.037,,
12/15/23,04:30:58PM,16.791,63.9,50145,8.33,0.39,0,-0.34,-0.95,0.04,0.15,0.037,,
12/15/23,04:30:59PM,16.791,63.9,50145,8.33,0.41,0,-0.34,-0.96,0.04,0.15,0.037,,
12/15/23,04:31:00PM,16.791,63.9,50145,8.33,0.42,0,-0.36,-1.02,0.04,0.17,0.038,,
12/15/23,04:31:01PM,16.791,63.8,50145,8.33,0.43,0,-0.37,-1.02,0.05,0.18,0.038,,
12/15/23,04:31:02PM,16.791,63.8,50145,8.33,0.45,0,-0.39,-1.09,0.05,0.19,0.037,,
12/15/23,04:31:03PM,16.791,63.8,50145,8.33,0.46,0,-0.39,-1.09,0.04,0.17,0.037,,
12/15/23,04:31:04PM,16.791,63.8,50144,8.33,0.48,0,-0.41,-1.15,0.04,0.17,0.038,,
12/15/23,04:31:05PM,16.791,63.8,50144,8.33,0.49,0,-0.4,-1.12,0.04,0.17,0.038,,
12/15/23,04:31:06PM,16.791,63.8,50144,8.33,0.5,0,-0.41,-1.15,0.04,0.16,0.037,,
12/15/23,04:31:07PM,16.791,63.8,50143,8.33,0.52,0,-0.4,-1.12,0.04,0.16,0.037,,
12/15/23,04:31:08PM,16.791,63.8,50144,8.33,0.53,0,-0.4,-1.13,0.04,0.17,0.037,,
12/15/23,04:31:09PM,16.791,63.8,50143,8.33,0.52,0,-0.39,-1.1,0.04,0.18,0.037,,
12/15/23,04:31:10PM,16.791,63.8,50144,8.33,0.53,0,-0.4,-1.12,0.04,0.16,0.037,,
12/15/23,04:31:11PM,16.791,63.8,50144,8.33,0.53,0,-0.39,-1.09,0.04,0.15,0.037,,
12/15/23,04:31:12PM,16.791,63.8,50143,8.33,0.52,0,-0.41,-1.14,0.03,0.14,0.037,,
12/15/23,04:31:13PM,16.791,63.8,50143,8.33,0.51,0,-0.41,-1.14,0.03,0.13,0.038,,
12/15/23,04:31:14PM,16.791,63.8,50143,8.33,0.51,0,-0.42,-1.17,0.03,0.11,0.038,,
12/15/23,04:31:15PM,16.791,63.8,50143,8.33,0.49,0,-0.42,-1.16,0.03,0.12,0.038,,
12/15/23,04:31:16PM,16.791,63.8,50143,8.33,0.48,0,-0.42,-1.17,0.03,0.13,0.038,,
12/15/23,04:31:17PM,16.791,63.8,50143,8.33,0.47,0,-0.41,-1.15,0.03,0.13,0.038,,
12/15/23,04:31:18PM,16.791,63.8,50143,8.33,0.46,0,-0.41,-1.14,0.04,0.16,0.038,,
12/15/23,04:31:19PM,16.791,63.8,50143,8.33,0.44,0,-0.4,-1.12,0.04,0.16,0.038,,
12/15/23,04:31:20PM,16.791,63.8,50144,8.33,0.44,0,-0.4,-1.12,0.04,0.16,0.038,,
12/15/23,04:31:21PM,16.791,63.7,50144,8.33,0.42,0,-0.39,-1.11,0.04,0.17,0.038,,
12/15/23,04:31:22PM,16.791,63.7,50144,8.33,0.42,0,-0.39,-1.09,0.04,0.17,0.038,,
12/15/23,04:31:23PM,16.791,63.7,50144,8.33,0.42,0,-0.38,-1.07,0.04,0.18,0.038,,
12/15/23,04:31:24PM,16.791,63.7,50145,8.33,0.41,0,-0.38,-1.07,0.04,0.17,0.038,,
12/15/23,04:31:25PM,16.791,63.7,50145,8.33,0.41,0,-0.38,-1.07,0.05,0.19,0.038,,
12/15/23,04:31:26PM,16.791,63.7,50145,8.33,0.41,0,-0.4,-1.11,0.05,0.18,0.038,,
12/15/23,04:31:27PM,16.791,63.7,50146,8.33,0.42,0,-0.4,-1.13,0.05,0.21,0.038,,
12/15/23,04:31:28PM,16.791,63.7,50146,8.33,0.4,0,-0.39,-1.1,0.05,0.2,0.038,,
12/15/23,04:31:29PM,16.791,63.7,50146,8.33,0.4,0,-0.39,-1.1,0.05,0.2,0.038,,
12/15/23,04:31:30PM,16.791,63.7,50147,8.33,0.4,0,-0.4,-1.13,0.05,0.21,0.038,,
12/15/23,04:31:31PM,16.792,63.7,50147,8.33,0.39,0,-0.4,-1.12,0.05,0.21,0.038,,
12/15/23,04:31:32PM,16.792,63.7,50148,8.33,0.39,0,-0.4,-1.11,0.05,0.2,0.038,,
12/15/23,04:31:33PM,16.792,63.7,50148,8.33,0.39,0,-0.39,-1.1,0.05,0.22,0.038,,
12/15/23,04:31:34PM,16.792,63.7,50149,8.33,0.39,0,-0.41,-1.14,0.05,0.2,0.038,,
12/15/23,04:31:35PM,16.792,63.7,50149,8.33,0.39,0,-0.4,-1.11,0.05,0.21,0.038,,
12/15/23,04:31:36PM,16.792,63.7,50150,8.33,0.39,0,-0.41,-1.14,0.06,0.23,0.038,,
12/15/23,04:31:37PM,16.792,63.7,50150,8.33,0.39,0,-0.4,-1.11,0.06,0.24,0.038,,
12/15/23,04:31:38PM,16.792,63.6,50151,8.33,0.4,0,-0.39,-1.09,0.06,0.24,0.038,,
12/15/23,04:31:39PM,16.793,63.6,50152,8.33,0.4,0,-0.38,-1.07,0.07,0.28,0.038,,
12/15/23,04:31:40PM,16.793,63.6,50152,8.33,0.4,0,-0.38,-1.06,0.07,0.28,0.038,,
12/15/23,04:31:41PM,16.793,63.6,50152,8.33,0.41,0,-0.38,-1.08,0.07,0.27,0.038,,
12/15/23,04:31:42PM,16.793,63.6,50152,8.33,0.41,0,-0.4,-1.11,0.07,0.28,0.038,,
12/15/23,04:31:43PM,16.793,63.6,50152,8.33,0.42,0,-0.4,-1.13,0.07,0.28,0.038,,
12/15/23,04:31:44PM,16.794,63.6,50152,8.33,0.44,0,-0.4,-1.12,0.07,0.26,0.038,,
12/15/23,04:31:45PM,16.794,63.6,50152,8.33,0.45,0,-0.39,-1.09,0.07,0.26,0.038,,
12/15/23,04:31:46PM,16.794,63.6,50152,8.33,0.46,0,-0.37,-1.05,0.06,0.26,0.038,,
12/15/23,04:31:47PM,16.794,63.6,50152,8.33,0.47,0,-0.37,-1.05,0.06,0.25,0.038,,
12/15/23,04:31:48PM,16.795,63.6,50151,8.33,0.47,0,-0.36,-1.02,0.06,0.22,0.038,,
12/15/23,04:31:49PM,16.795,63.6,50152,8.33,0.48,0,-0.37,-1.04,0.05,0.2,0.038,,
12/15/23,04:31:50PM,16.795,63.6,50152,8.33,0.47,0,-0.35,-0.98,0.05,0.2,0.038,,
12/15/23,04:31:51PM,16.795,63.6,50151,8.33,0.47,0,-0.35,-0.99,0.05,0.2,0.038,,
12/15/23,04:31:52PM,16.795,63.6,50151,8.33,0.47,0,-0.35,-0.97,0.05,0.21,0.038,,
12/15/23,04:31:53PM,16.795,63.6,50151,8.33,0.46,0,-0.35,-0.99,0.05,0.2,0.038,,
12/15/23,04:31:54PM,16.796,63.6,50151,8.33,0.46,0,-0.36,-1.01,0.05,0.21,0.038,,
12/15/23,04:31:55PM,16.796,63.6,50150,8.33,0.46,0,-0.36,-1,0.05,0.2,0.038,,
12/15/23,04:31:56PM,16.796,63.5,50150,8.33,0.44,0,-0.37,-1.03,0.06,0.23,0.038,,
12/15/23,04:31:57PM,16.796,63.5,50150,8.33,0.43,0,-0.36,-1.01,0.06,0.24,0.038,,
12/15/23,04:31:58PM,16.796,63.5,50150,8.33,0.42,0,-0.36,-1.01,0.06,0.23,0.038,,
12/15/23,04:31:59PM,16.796,63.5,50150,8.33,0.4,0,-0.36,-1.01,0.06,0.25,0.037,,
12/15/23,04:32:00PM,16.796,63.5,50150,8.33,0.39,0,-0.35,-0.99,0.06,0.25,0.037,,
12/15/23,04:32:01PM,16.796,63.5,50150,8.33,0.39,0,-0.35,-0.97,0.06,0.23,0.037,,
12/15/23,04:32:02PM,16.796,63.5,50150,8.33,0.37,0,-0.34,-0.95,0.05,0.21,0.038,,
12/15/23,04:32:03PM,16.796,63.5,50150,8.33,0.37,0,-0.35,-0.97,0.05,0.2,0.037,,
12/15/23,04:32:04PM,16.796,63.5,50149,8.33,0.35,0,-0.35,-0.98,0.05,0.21,0.038,,
12/15/23,04:32:05PM,16.796,63.5,50149,8.33,0.35,0,-0.36,-1.02,0.05,0.2,0.038,,
12/15/23,04:32:06PM,16.796,63.5,50150,8.33,0.34,0,-0.36,-1.02,0.05,0.21,0.038,,
12/15/23,04:32:07PM,16.796,63.5,50150,8.33,0.34,0,-0.36,-1.02,0.05,0.19,0.037,,
12/15/23,04:32:08PM,16.796,63.5,50150,8.33,0.34,0,-0.37,-1.04,0.04,0.15,0.037,,
12/15/23,04:32:09PM,16.796,63.5,50150,8.33,0.34,0,-0.39,-1.1,0.04,0.15,0.037,,
12/15/23,04:32:10PM,16.796,63.5,50150,8.33,0.34,0,-0.39,-1.1,0.03,0.13,0.037,,
12/15/23,04:32:11PM,16.796,63.5,50150,8.33,0.34,0,-0.4,-1.11,0.03,0.13,0.037,,
12/15/23,04:32:12PM,16.796,63.4,50150,8.33,0.35,0,-0.39,-1.09,0.03,0.13,0.038,,
12/15/23,04:32:13PM,16.796,63.4,50149,8.33,0.34,0,-0.4,-1.11,0.03,0.12,0.037,,
12/15/23,04:32:14PM,16.796,63.4,50149,8.33,0.34,0,-0.4,-1.11,0.03,0.11,0.038,,
12/15/23,04:32:15PM,16.796,63.4,50149,8.33,0.34,0,-0.41,-1.14,0.03,0.11,0.038,,
12/15/23,04:32:16PM,16.797,63.4,50150,8.33,0.33,0,-0.42,-1.17,0.02,0.1,0.038,,
12/15/23,04:32:17PM,16.797,63.4,50150,8.33,0.33,0,-0.43,-1.2,0.02,0.09,0.038,,
12/15/23,04:32:18PM,16.797,63.4,50150,8.33,0.33,0,-0.43,-1.21,0.03,0.11,0.038,,
12/15/23,04:32:19PM,16.797,63.4,50149,8.33,0.33,0,-0.42,-1.19,0.03,0.14,0.038,,
12/15/23,04:32:20PM,16.797,63.4,50149,8.33,0.34,0,-0.42,-1.18,0.04,0.15,0.038,,
12/15/23,04:32:21PM,16.797,63.4,50149,8.33,0.34,0,-0.43,-1.19,0.04,0.15,0.038,,
12/15/23,04:32:22PM,16.797,63.4,50149,8.33,0.35,0,-0.43,-1.21,0.03,0.14,0.038,,
12/15/23,04:32:23PM,16.797,63.4,50150,8.33,0.35,0,-0.42,-1.19,0.03,0.11,0.038,,
12/15/23,04:32:24PM,16.797,63.4,50149,8.33,0.34,0,-0.41,-1.14,0.03,0.11,0.038,,
12/15/23,04:32:25PM,16.797,63.4,50149,8.33,0.35,0,-0.41,-1.14,0.03,0.11,0.038,,
12/15/23,04:32:26PM,16.797,63.4,50150,8.33,0.35,0,-0.41,-1.15,0.02,0.09,0.038,,
12/15/23,04:32:27PM,16.797,63.4,50150,8.33,0.34,0,-0.39,-1.09,0.03,0.11,0.038,,
12/15/23,04:32:28PM,16.797,63.4,50149,8.33,0.35,0,-0.39,-1.09,0.02,0.09,0.037,,
12/15/23,04:32:29PM,16.797,63.4,50148,8.33,0.35,0,-0.4,-1.12,0.02,0.07,0.038,,
12/15/23,04:32:30PM,16.797,63.4,50148,8.33,0.35,0,-0.4,-1.12,0.01,0.05,0.038,,
12/15/23,04:32:31PM,16.797,63.3,50148,8.33,0.35,0,-0.39,-1.09,0.01,0.02,0.038,,
12/15/23,04:32:32PM,16.797,63.3,50148,8.33,0.36,0,-0.38,-1.06,0.01,0.04,0.038,,
12/15/23,04:32:33PM,16.797,63.3,50148,8.33,0.36,0,-0.37,-1.05,0.01,0.05,0.038,,
12/15/23,04:32:34PM,16.797,63.3,50148,8.33,0.36,0,-0.36,-1.02,0.02,0.09,0.038,,
12/15/23,04:32:35PM,16.797,63.3,50148,8.33,0.35,0,-0.37,-1.04,0.03,0.1,0.038,,
12/15/23,04:32:36PM,16.797,63.3,50148,8.33,0.34,0,-0.36,-1,0.03,0.12,0.037,,
12/15/23,04:32:37PM,16.797,63.3,50148,8.33,0.34,0,-0.36,-1,0.03,0.13,0.037,,
12/15/23,04:32:38PM,16.797,63.3,50148,8.33,0.34,0,-0.37,-1.03,0.03,0.12,0.037,,
12/15/23,04:32:39PM,16.797,63.3,50147,8.33,0.33,0,-0.37,-1.04,0.03,0.12,0.037,,
12/15/23,04:32:40PM,16.797,63.3,50147,8.33,0.33,0,-0.38,-1.05,0.03,0.13,0.037,,
12/15/23,04:32:41PM,16.797,63.3,50148,8.33,0.34,0,-0.37,-1.03,0.04,0.17,0.037,,
12/15/23,04:32:42PM,16.797,63.3,50148,8.33,0.34,0,-0.37,-1.02,0.04,0.18,0.037,,
12/15/23,04:32:43PM,16.797,63.3,50148,8.33,0.34,0,-0.38,-1.05,0.04,0.16,0.037,,
12/15/23,04:32:44PM,16.797,63.3,50148,8.33,0.34,0,-0.38,-1.08,0.04,0.16,0.037,,
12/15/23,04:32:45PM,16.797,63.3,50148,8.33,0.35,0,-0.39,-1.08,0.03,0.14,0.037,,
12/15/23,04:32:46PM,16.797,63.3,50148,8.33,0.36,0,-0.39,-1.1,0.02,0.1,0.037,,
12/15/23,04:32:47PM,16.797,63.3,50149,8.33,0.36,0,-0.39,-1.09,0.02,0.08,0.037,,
12/15/23,04:32:48PM,16.797,63.3,50149,8.33,0.38,0,-0.39,-1.09,0.02,0.09,0.037,,
12/15/23,04:32:49PM,16.797,63.3,50149,8.33,0.38,0,-0.39,-1.09,0.02,0.1,0.037,,
12/15/23,04:32:50PM,16.797,63.2,50149,8.33,0.38,0,-0.39,-1.09,0.03,0.1,0.037,,
12/15/23,04:32:51PM,16.797,63.2,50149,8.33,0.38,0,-0.4,-1.13,0.03,0.1,0.037,,
12/15/23,04:32:52PM,16.797,63.2,50149,8.33,0.38,0,-0.4,-1.12,0.02,0.07,0.037,,
12/15/23,04:32:53PM,16.797,63.2,50149,8.33,0.39,0,-0.4,-1.12,0.02,0.07,0.037,,
12/15/23,04:32:54PM,16.797,63.2,50149,8.33,0.4,0,-0.39,-1.1,0.02,0.08,0.037,,
12/15/23,04:32:55PM,16.797,63.2,50148,8.33,0.39,0,-0.4,-1.11,0.02,0.07,0.037,,
12/15/23,04:32:56PM,16.797,63.2,50149,8.33,0.4,0,-0.38,-1.06,0.02,0.09,0.037,,
12/15/23,04:32:57PM,16.797,63.2,50148,8.33,0.39,0,-0.37,-1.03,0.03,0.13,0.037,,
12/15/23,04:32:58PM,16.797,63.2,50148,8.33,0.39,0,-0.36,-1.01,0.03,0.13,0.038,,
12/15/23,04:32:59PM,16.797,63.2,50148,8.33,0.4,0,-0.36,-1.01,0.03,0.13,0.038,,
12/15/23,04:33:00PM,16.797,63.2,50147,8.33,0.39,0,-0.36,-1,0.04,0.14,0.038,,
12/15/23,04:33:01PM,16.797,63.2,50148,8.33,0.38,0,-0.37,-1.03,0.04,0.16,0.038,,
12/15/23,04:33:02PM,16.797,63.2,50148,8.33,0.37,0,-0.38,-1.05,0.04,0.14,0.038,,
12/15/23,04:33:03PM,16.797,63.2,50148,8.33,0.35,0,-0.37,-1.04,0.04,0.16,0.038,,
12/15/23,04:33:04PM,16.797,63.2,50148,8.33,0.37,0,-0.37,-1.04,0.04,0.16,0.038,,
12/15/23,04:33:05PM,16.797,63.2,50147,8.33,0.36,0,-0.37,-1.04,0.04,0.15,0.038,,
12/15/23,04:33:06PM,16.797,63.2,50147,8.33,0.36,0,-0.37,-1.03,0.04,0.15,0.038,,
12/15/23,04:33:07PM,16.797,63.2,50147,8.33,0.35,0,-0.35,-0.99,0.04,0.14,0.038,,
12/15/23,04:33:08PM,16.797,63.2,50148,8.33,0.35,0,-0.38,-1.06,0.04,0.15,0.038,,
12/15/23,04:33:09PM,16.797,63.1,50148,8.33,0.35,0,-0.38,-1.06,0.04,0.18,0.038,,
12/15/23,04:33:10PM,16.797,63.1,50148,8.33,0.34,0,-0.37,-1.03,0.06,0.22,0.037,,
12/15/23,04:33:11PM,16.797,63.1,50148,8.33,0.33,0,-0.37,-1.04,0.06,0.24,0.038,,
12/15/23,04:33:12PM,16.797,63.1,50148,8.33,0.33,0,-0.37,-1.03,0.06,0.24,0.038,,
12/15/23,04:33:13PM,16.797,63.1,50148,8.33,0.32,0,-0.36,-1.02,0.07,0.28,0.038,,
12/15/23,04:33:14PM,16.797,63.1,50148,8.33,0.32,0,-0.36,-1.02,0.08,0.3,0.038,,
12/15/23,04:33:15PM,16.797,63.1,50147,8.33,0.33,0,-0.36,-1.01,0.07,0.3,0.038,,
12/15/23,04:33:16PM,16.797,63.1,50148,8.33,0.33,0,-0.36,-1.02,0.08,0.31,0.038,,
12/15/23,04:33:17PM,16.797,63.1,50148,8.33,0.34,0,-0.36,-1.01,0.08,0.33,0.038,,
12/15/23,04:33:18PM,16.797,63.1,50148,8.33,0.35,0,-0.36,-1,0.08,0.31,0.037,,
12/15/23,04:33:19PM,16.797,63.1,50148,8.33,0.34,0,-0.38,-1.05,0.07,0.3,0.037,,
12/15/23,04:33:20PM,16.797,63.1,50147,8.33,0.34,0,-0.39,-1.08,0.07,0.27,0.038,,
12/15/23,04:33:21PM,16.797,63.1,50147,8.33,0.34,0,-0.37,-1.04,0.06,0.23,0.038,,
12/15/23,04:33:22PM,16.797,63.1,50146,8.33,0.35,0,-0.39,-1.09,0.05,0.21,0.038,,
12/15/23,04:33:23PM,16.797,63.1,50146,8.33,0.33,0,-0.38,-1.07,0.05,0.19,0.038,,
12/15/23,04:33:24PM,16.797,63.1,50146,8.33,0.33,0,-0.37,-1.05,0.04,0.17,0.038,,
12/15/23,04:33:25PM,16.797,63,50146,8.33,0.33,0,-0.38,-1.07,0.04,0.15,0.037,,
12/15/23,04:33:26PM,16.797,63,50146,8.33,0.33,0,-0.38,-1.07,0.04,0.17,0.038,,
12/15/23,04:33:27PM,16.797,63,50146,8.33,0.32,0,-0.38,-1.06,0.04,0.17,0.037,,
12/15/23,04:33:28PM,16.797,63,50146,8.33,0.33,0,-0.39,-1.09,0.04,0.16,0.037,,
12/15/23,04:33:29PM,16.797,63,50146,8.33,0.31,0,-0.39,-1.1,0.04,0.15,0.037,,
12/15/23,04:33:30PM,16.797,63,50146,8.33,0.32,0,-0.4,-1.11,0.04,0.15,0.038,,
12/15/23,04:33:31PM,16.797,63,50146,8.33,0.31,0,-0.39,-1.11,0.04,0.15,0.038,,
12/15/23,04:33:32PM,16.797,63,50146,8.33,0.31,0,-0.4,-1.12,0.03,0.13,0.037,,
12/15/23,04:33:33PM,16.797,63,50146,8.33,0.31,0,-0.39,-1.1,0.04,0.15,0.037,,
12/15/23,04:33:34PM,16.797,63,50146,8.33,0.31,0,-0.41,-1.15,0.04,0.15,0.037,,
12/15/23,04:33:35PM,16.797,63,50146,8.33,0.32,0,-0.42,-1.17,0.03,0.14,0.037,,
12/15/23,04:33:36PM,16.797,63,50146,8.33,0.31,0,-0.43,-1.2,0.03,0.13,0.037,,
12/15/23,04:33:37PM,16.797,63,50146,8.33,0.31,0,-0.44,-1.24,0.04,0.14,0.037,,
12/15/23,04:33:38PM,16.797,63,50146,8.33,0.31,0,-0.43,-1.21,0.03,0.14,0.037,,
12/15/23,04:33:39PM,16.797,63,50146,8.33,0.31,0,-0.42,-1.16,0.03,0.12,0.037,,
12/15/23,04:33:40PM,16.797,63,50146,8.33,0.31,0,-0.42,-1.17,0.04,0.15,0.037,,
12/15/23,04:33:41PM,16.797,63,50146,8.33,0.31,0,-0.42,-1.18,0.04,0.14,0.037,,
12/15/23,04:33:42PM,16.797,63,50145,8.33,0.31,0,-0.44,-1.22,0.03,0.14,0.037,,
12/15/23,04:33:43PM,16.797,62.9,50145,8.33,0.31,0,-0.45,-1.25,0.04,0.15,0.037,,
12/15/23,04:33:44PM,16.797,62.9,50145,8.33,0.33,0,-0.44,-1.22,0.04,0.14,0.038,,
12/15/23,04:33:45PM,16.797,62.9,50145,8.33,0.34,0,-0.44,-1.22,0.05,0.19,0.038,,
12/15/23,04:33:46PM,16.797,62.9,50145,8.33,0.34,0,-0.42,-1.18,0.05,0.2,0.037,,
12/15/23,04:33:47PM,16.797,62.9,50145,8.33,0.33,0,-0.41,-1.15,0.05,0.22,0.038,,
12/15/23,04:33:48PM,16.797,62.9,50145,8.33,0.34,0,-0.39,-1.1,0.04,0.17,0.038,,
12/15/23,04:33:49PM,16.797,62.9,50145,8.33,0.33,0,-0.4,-1.13,0.04,0.15,0.038,,
12/15/23,04:33:50PM,16.797,62.9,50145,8.33,0.33,0,-0.4,-1.13,0.04,0.16,0.037,,
12/15/23,04:33:51PM,16.797,62.9,50145,8.33,0.34,0,-0.4,-1.12,0.03,0.13,0.038,,
12/15/23,04:33:52PM,16.797,62.9,50145,8.33,0.33,0,-0.4,-1.13,0.04,0.14,0.038,,
12/15/23,04:33:53PM,16.797,62.9,50145,8.33,0.34,0,-0.4,-1.12,0.03,0.13,0.038,,
12/15/23,04:33:54PM,16.797,62.9,50145,8.33,0.34,0,-0.4,-1.11,0.03,0.12,0.038,,
12/15/23,04:33:55PM,16.797,62.9,50145,8.33,0.34,0,-0.41,-1.13,0.03,0.11,0.038,,
12/15/23,04:33:56PM,16.797,62.9,50145,8.33,0.35,0,-0.38,-1.08,0.02,0.08,0.038,,
12/15/23,04:33:57PM,16.797,62.9,50145,8.33,0.35,0,-0.39,-1.09,0.02,0.07,0.038,,
12/15/23,04:33:58PM,16.797,62.9,50145,8.33,0.36,0,-0.4,-1.11,0.02,0.07,0.038,,
12/15/23,04:33:59PM,16.797,62.9,50145,8.33,0.36,0,-0.4,-1.11,0.02,0.1,0.038,,
12/15/23,04:34:00PM,16.797,62.9,50145,8.33,0.36,0,-0.4,-1.13,0.04,0.16,0.038,,
12/15/23,04:34:01PM,16.797,62.9,50145,8.33,0.36,0,-0.4,-1.13,0.04,0.18,0.038,,
12/15/23,04:34:02PM,16.797,62.9,50145,8.33,0.36,0,-0.4,-1.12,0.04,0.17,0.038,,
12/15/23,04:34:03PM,16.797,62.9,50145,8.33,0.37,0,-0.4,-1.11,0.05,0.18,0.038,,
12/15/23,04:34:04PM,16.797,62.8,50145,8.33,0.39,0,-0.39,-1.09,0.05,0.18,0.038,,
12/15/23,04:34:05PM,16.797,62.8,50145,8.33,0.39,0,-0.4,-1.12,0.05,0.19,0.038,,
12/15/23,04:34:06PM,16.797,62.8,50145,8.33,0.39,0,-0.39,-1.1,0.05,0.21,0.038,,
12/15/23,04:34:07PM,16.797,62.8,50145,8.33,0.4,0,-0.41,-1.14,0.05,0.22,0.038,,
12/15/23,04:34:08PM,16.797,62.8,50145,8.33,0.39,0,-0.41,-1.14,0.06,0.23,0.038,,
12/15/23,04:34:09PM,16.797,62.8,50145,8.33,0.4,0,-0.4,-1.13,0.06,0.24,0.038,,
12/15/23,04:34:10PM,16.797,62.8,50145,8.33,0.4,0,-0.4,-1.12,0.06,0.22,0.038,,
12/15/23,04:34:11PM,16.797,62.8,50145,8.33,0.41,0,-0.39,-1.1,0.05,0.22,0.038,,
12/15/23,04:34:12PM,16.797,62.8,50145,8.33,0.41,0,-0.39,-1.09,0.05,0.2,0.038,,
12/15/23,04:34:13PM,16.797,62.8,50145,8.33,0.4,0,-0.38,-1.05,0.05,0.21,0.038,,
12/15/23,04:34:14PM,16.797,62.8,50145,8.33,0.41,0,-0.37,-1.03,0.05,0.19,0.038,,
12/15/23,04:34:15PM,16.797,62.8,50145,8.33,0.4,0,-0.38,-1.08,0.06,0.22,0.038,,
12/15/23,04:34:16PM,16.797,62.8,50145,8.33,0.4,0,-0.37,-1.05,0.05,0.21,0.038,,
12/15/23,04:34:17PM,16.797,62.8,50145,8.33,0.39,0,-0.37,-1.04,0.05,0.22,0.038,,
12/15/23,04:34:18PM,16.797,62.8,50145,8.33,0.38,0,-0.37,-1.04,0.05,0.18,0.038,,
12/15/23,04:34:19PM,16.797,62.8,50145,8.33,0.39,0,-0.36,-1.01,0.05,0.18,0.038,,
12/15/23,04:34:20PM,16.797,62.8,50145,8.33,0.4,0,-0.35,-0.99,0.05,0.18,0.038,,
12/15/23,04:34:21PM,16.797,62.8,50145,8.33,0.42,0,-0.35,-0.98,0.04,0.17,0.038,,
12/15/23,04:34:22PM,16.797,62.8,50145,8.33,0.42,0,-0.35,-0.97,0.03,0.14,0.038,,
12/15/23,04:34:23PM,16.797,62.8,50145,8.33,0.43,0,-0.36,-1.01,0.04,0.14,0.038,,
12/15/23,04:34:24PM,16.797,62.8,50144,8.33,0.42,0,-0.37,-1.02,0.03,0.13,0.038,,
12/15/23,04:34:25PM,16.796,62.8,50144,8.33,0.42,0,-0.37,-1.04,0.04,0.14,0.038,,
12/15/23,04:34:26PM,16.796,62.8,50144,8.33,0.42,0,-0.36,-1.01,0.03,0.14,0.038,,
12/15/23,04:34:27PM,16.796,62.8,50144,8.33,0.42,0,-0.36,-1.02,0.04,0.16,0.038,,
12/15/23,04:34:28PM,16.796,62.7,50144,8.33,0.4,0,-0.38,-1.05,0.04,0.14,0.038,,
12/15/23,04:34:29PM,16.796,62.7,50144,8.33,0.4,0,-0.38,-1.05,0.04,0.15,0.038,,
12/15/23,04:34:30PM,16.796,62.7,50144,8.33,0.4,0,-0.38,-1.06,0.04,0.16,0.038,,
12/15/23,04:34:31PM,16.796,62.7,50143,8.33,0.4,0,-0.38,-1.08,0.04,0.17,0.038,,
12/15/23,04:34:32PM,16.796,62.7,50143,8.33,0.4,0,-0.39,-1.08,0.05,0.18,0.038,,
12/15/23,04:34:33PM,16.796,62.7,50143,8.33,0.41,0,-0.39,-1.08,0.05,0.2,0.038,,
12/15/23,04:34:34PM,16.796,62.7,50143,8.33,0.4,0,-0.38,-1.07,0.05,0.19,0.038,,
12/15/23,04:34:35PM,16.796,62.7,50143,8.33,0.38,0,-0.37,-1.05,0.05,0.19,0.038,,
12/15/23,04:34:36PM,16.796,62.7,50143,8.33,0.37,0,-0.38,-1.06,0.05,0.21,0.038,,
12/15/23,04:34:37PM,16.796,62.7,50143,8.33,0.37,0,-0.37,-1.05,0.06,0.23,0.038,,
12/15/23,04:34:38PM,16.796,62.7,50143,8.33,0.37,0,-0.38,-1.07,0.06,0.24,0.038,,
12/15/23,04:34:39PM,16.796,62.7,50143,8.33,0.36,0,-0.39,-1.09,0.06,0.25,0.038,,
12/15/23,04:34:40PM,16.796,62.7,50143,8.33,0.35,0,-0.37,-1.03,0.07,0.26,0.038,,
12/15/23,04:34:41PM,16.796,62.7,50143,8.33,0.36,0,-0.37,-1.03,0.07,0.26,0.038,,
12/15/23,04:34:42PM,16.796,62.7,50144,8.33,0.36,0,-0.38,-1.06,0.06,0.25,0.038,,
12/15/23,04:34:43PM,16.796,62.7,50144,8.33,0.37,0,-0.38,-1.07,0.07,0.26,0.038,,
12/15/23,04:34:44PM,16.795,62.7,50144,8.33,0.37,0,-0.37,-1.04,0.06,0.25,0.038,,
12/15/23,04:34:45PM,16.795,62.7,50144,8.33,0.37,0,-0.38,-1.07,0.07,0.27,0.038,,
12/15/23,04:34:46PM,16.795,62.7,50144,8.33,0.37,0,-0.38,-1.06,0.07,0.26,0.038,,
12/15/23,04:34:47PM,16.795,62.7,50144,8.33,0.37,0,-0.36,-1.01,0.07,0.28,0.038,,
12/15/23,04:34:48PM,16.795,62.7,50144,8.33,0.36,0,-0.35,-0.99,0.07,0.27,0.038,,
12/15/23,04:34:49PM,16.795,62.7,50144,8.33,0.37,0,-0.35,-0.97,0.06,0.25,0.038,,
12/15/23,04:34:50PM,16.795,62.7,50144,8.33,0.37,0,-0.35,-0.98,0.06,0.23,0.038,,
12/15/23,04:34:51PM,16.795,62.7,50143,8.33,0.38,0,-0.37,-1.03,0.05,0.2,0.038,,
12/15/23,04:34:52PM,16.795,62.7,50144,8.33,0.39,0,-0.37,-1.04,0.05,0.21,0.038,,
12/15/23,04:34:53PM,16.795,62.7,50143,8.33,0.39,0,-0.38,-1.06,0.05,0.21,0.038,,
12/15/23,04:34:54PM,16.795,62.7,50144,8.33,0.39,0,-0.38,-1.07,0.06,0.22,0.038,,
12/15/23,04:34:55PM,16.794,62.7,50143,8.33,0.4,0,-0.38,-1.07,0.05,0.21,0.038,,
12/15/23,04:34:56PM,16.794,62.7,50143,8.33,0.39,0,-0.38,-1.06,0.05,0.2,0.038,,
12/15/23,04:34:57PM,16.794,62.7,50143,8.33,0.38,0,-0.38,-1.06,0.05,0.19,0.037,,
12/15/23,04:34:58PM,16.794,62.7,50143,8.33,0.37,0,-0.37,-1.03,0.04,0.16,0.037,,
12/15/23,04:34:59PM,16.794,62.7,50144,8.33,0.36,0,-0.38,-1.07,0.04,0.16,0.037,,
12/15/23,04:35:00PM,16.794,62.7,50144,8.33,0.36,0,-0.39,-1.09,0.04,0.17,0.037,,
12/15/23,04:35:01PM,16.794,62.7,50144,8.33,0.37,0,-0.38,-1.05,0.05,0.18,0.037,,
12/15/23,04:35:02PM,16.794,62.7,50144,8.33,0.38,0,-0.38,-1.06,0.05,0.2,0.037,,
12/15/23,04:35:03PM,16.794,62.7,50144,8.33,0.36,0,-0.38,-1.08,0.05,0.18,0.037,,
12/15/23,04:35:04PM,16.794,62.7,50143,8.33,0.36,0,-0.39,-1.1,0.05,0.19,0.037,,
12/15/23,04:35:05PM,16.794,62.7,50143,8.33,0.36,0,-0.41,-1.13,0.04,0.18,0.037,,
12/15/23,04:35:06PM,16.794,62.7,50143,8.33,0.35,0,-0.41,-1.15,0.05,0.19,0.037,,
12/15/23,04:35:07PM,16.794,62.7,50143,8.33,0.34,0,-0.42,-1.18,0.04,0.15,0.037,,
12/15/23,04:35:08PM,16.793,62.7,50143,8.33,0.33,0,-0.41,-1.16,0.03,0.14,0.037,,
12/15/23,04:35:09PM,16.793,62.7,50143,8.33,0.33,0,-0.41,-1.14,0.04,0.17,0.037,,
12/15/23,04:35:10PM,16.793,62.7,50143,8.33,0.33,0,-0.41,-1.14,0.05,0.19,0.037,,
12/15/23,04:35:11PM,16.793,62.7,50143,8.33,0.33,0,-0.41,-1.14,0.05,0.19,0.037,,
12/15/23,04:35:12PM,16.793,62.7,50143,8.33,0.35,0,-0.4,-1.11,0.05,0.18,0.037,,
12/15/23,04:35:13PM,16.793,62.7,50143,8.33,0.35,0,-0.4,-1.11,0.05,0.2,0.037,,
12/15/23,04:35:14PM,16.793,62.7,50143,8.33,0.36,0,-0.4,-1.12,0.05,0.2,0.037,,
12/15/23,04:35:15PM,16.793,62.7,50143,8.33,0.37,0,-0.4,-1.11,0.05,0.2,0.037,,
12/15/23,04:35:16PM,16.793,62.7,50142,8.33,0.36,0,-0.4,-1.11,0.05,0.19,0.037,,
12/15/23,04:35:17PM,16.793,62.7,50143,8.33,0.36,0,-0.4,-1.11,0.05,0.22,0.037,,
12/15/23,04:35:18PM,16.793,62.7,50143,8.33,0.37,0,-0.4,-1.11,0.06,0.25,0.037,,
12/15/23,04:35:19PM,16.793,62.7,50143,8.33,0.37,0,-0.4,-1.12,0.06,0.24,0.037,,
12/15/23,04:35:20PM,16.793,62.7,50143,8.33,0.38,0,-0.4,-1.12,0.05,0.21,0.037,,
12/15/23,04:35:21PM,16.792,62.7,50143,8.33,0.38,0,-0.39,-1.1,0.04,0.18,0.037,,
12/15/23,04:35:22PM,16.792,62.7,50142,8.33,0.38,0,-0.39,-1.09,0.04,0.15,0.037,,
12/15/23,04:35:23PM,16.792,62.7,50142,8.33,0.4,0,-0.37,-1.05,0.04,0.14,0.037,,
12/15/23,04:35:24PM,16.792,62.7,50142,8.33,0.4,0,-0.36,-1.02,0.03,0.14,0.037,,
12/15/23,04:35:25PM,16.792,62.7,50142,8.33,0.4,0,-0.37,-1.03,0.04,0.15,0.037,,
12/15/23,04:35:26PM,16.792,62.7,50142,8.33,0.4,0,-0.36,-1,0.04,0.16,0.037,,
12/15/23,04:35:27PM,16.792,62.7,50142,8.33,0.39,0,-0.37,-1.03,0.04,0.18,0.037,,
12/15/23,04:35:28PM,16.792,62.7,50142,8.33,0.39,0,-0.37,-1.05,0.03,0.14,0.037,,
12/15/23,04:35:29PM,16.792,62.7,50142,8.33,0.4,0,-0.36,-1.01,0.03,0.13,0.037,,
12/15/23,04:35:30PM,16.792,62.7,50142,8.33,0.4,0,-0.36,-1.02,0.03,0.14,0.037,,
12/15/23,04:35:31PM,16.792,62.7,50142,8.33,0.4,0,-0.37,-1.03,0.04,0.15,0.037,,
12/15/23,04:35:32PM,16.792,62.7,50142,8.33,0.4,0,-0.38,-1.07,0.04,0.16,0.037,,
12/15/23,04:35:33PM,16.792,62.7,50142,8.33,0.41,0,-0.38,-1.06,0.05,0.19,0.037,,
12/15/23,04:35:34PM,16.792,62.7,50142,8.33,0.41,0,-0.38,-1.07,0.05,0.18,0.038,,
12/15/23,04:35:35PM,16.792,62.7,50142,8.33,0.41,0,-0.39,-1.08,0.05,0.19,0.038,,
12/15/23,04:35:36PM,16.792,62.7,50142,8.33,0.41,0,-0.39,-1.09,0.04,0.18,0.038,,
12/15/23,04:35:37PM,16.792,62.7,50143,8.33,0.4,0,-0.41,-1.13,0.05,0.18,0.038,,
12/15/23,04:35:38PM,16.791,62.7,50143,8.33,0.39,0,-0.41,-1.14,0.04,0.16,0.038,,
12/15/23,04:35:39PM,16.791,62.7,50143,8.33,0.39,0,-0.41,-1.14,0.05,0.19,0.038,,
12/15/23,04:35:40PM,16.791,62.7,50143,8.33,0.38,0,-0.41,-1.16,0.05,0.18,0.038,,
12/15/23,04:35:41PM,16.791,62.7,50143,8.33,0.37,0,-0.41,-1.14,0.05,0.18,0.038,,
12/15/23,04:35:42PM,16.791,62.7,50144,8.33,0.37,0,-0.41,-1.16,0.04,0.18,0.038,,
12/15/23,04:35:43PM,16.791,62.7,50143,8.33,0.38,0,-0.41,-1.16,0.05,0.19,0.038,,
12/15/23,04:35:44PM,16.791,62.7,50143,8.33,0.37,0,-0.4,-1.13,0.04,0.17,0.038,,
12/15/23,04:35:45PM,16.791,62.7,50143,8.33,0.36,0,-0.42,-1.17,0.04,0.16,0.038,,
12/15/23,04:35:46PM,16.791,62.7,50144,8.33,0.37,0,-0.41,-1.14,0.04,0.17,0.038,,
12/15/23,04:35:47PM,16.791,62.7,50144,8.33,0.36,0,-0.41,-1.16,0.04,0.16,0.038,,
12/15/23,04:35:48PM,16.791,62.7,50144,8.33,0.37,0,-0.42,-1.18,0.04,0.15,0.038,,
12/15/23,04:35:49PM,16.791,62.7,50144,8.33,0.37,0,-0.42,-1.17,0.04,0.16,0.038,,
12/15/23,04:35:50PM,16.791,62.7,50144,8.33,0.38,0,-0.42,-1.17,0.03,0.13,0.038,,
12/15/23,04:35:51PM,16.791,62.7,50144,8.33,0.38,0,-0.4,-1.12,0.03,0.13,0.038,,
12/15/23,04:35:52PM,16.79,62.7,50145,8.33,0.38,0,-0.4,-1.12,0.03,0.13,0.038,,
12/15/23,04:35:53PM,16.79,62.7,50145,8.33,0.38,0,-0.4,-1.11,0.04,0.14,0.038,,
12/15/23,04:35:54PM,16.79,62.7,50145,8.33,0.38,0,-0.4,-1.12,0.03,0.12,0.038,,
12/15/23,04:35:55PM,16.79,62.7,50145,8.33,0.38,0,-0.41,-1.15,0.04,0.14,0.038,,
12/15/23,04:35:56PM,16.79,62.7,50146,8.33,0.39,0,-0.41,-1.14,0.04,0.15,0.038,,
12/15/23,04:35:57PM,16.79,62.7,50146,8.33,0.39,0,-0.4,-1.13,0.03,0.14,0.038,,
12/15/23,04:35:58PM,16.79,62.7,50146,8.33,0.4,0,-0.41,-1.15,0.03,0.12,0.038,,
12/15/23,04:35:59PM,16.79,62.7,50146,8.33,0.4,0,-0.41,-1.14,0.03,0.11,0.038,,
12/15/23,04:36:00PM,16.79,62.7,50146,8.33,0.41,0,-0.43,-1.19,0.03,0.11,0.038,,
12/15/23,04:36:01PM,16.79,62.7,50146,8.33,0.41,0,-0.42,-1.18,0.03,0.12,0.038,,
12/15/23,04:36:02PM,16.79,62.7,50146,8.33,0.42,0,-0.42,-1.18,0.03,0.12,0.038,,
12/15/23,04:36:03PM,16.79,62.7,50146,8.33,0.41,0,-0.42,-1.18,0.03,0.12,0.038,,
12/15/23,04:36:04PM,16.79,62.7,50145,8.33,0.41,0,-0.42,-1.17,0.03,0.11,0.037,,
12/15/23,04:36:05PM,16.79,62.7,50145,8.33,0.42,0,-0.43,-1.2,0.03,0.11,0.037,,
12/15/23,04:36:06PM,16.79,62.7,50146,8.33,0.42,0,-0.4,-1.12,0.03,0.11,0.037,,
12/15/23,04:36:07PM,16.79,62.7,50145,8.33,0.43,0,-0.4,-1.11,0.03,0.12,0.037,,
12/15/23,04:36:08PM,16.79,62.7,50145,8.33,0.44,0,-0.41,-1.14,0.04,0.14,0.037,,
12/15/23,04:36:09PM,16.79,62.7,50145,8.33,0.45,0,-0.42,-1.18,0.04,0.17,0.038,,
12/15/23,04:36:10PM,16.79,62.7,50145,8.33,0.46,0,-0.43,-1.22,0.04,0.18,0.037,,
12/15/23,04:36:11PM,16.79,62.7,50145,8.33,0.47,0,-0.43,-1.19,0.05,0.2,0.037,,
12/15/23,04:36:12PM,16.79,62.7,50144,8.33,0.46,0,-0.43,-1.21,0.05,0.2,0.037,,
12/15/23,04:36:13PM,16.79,62.7,50145,8.33,0.46,0,-0.43,-1.21,0.06,0.22,0.037,,
12/15/23,04:36:14PM,16.79,62.7,50145,8.33,0.47,0,-0.43,-1.21,0.05,0.21,0.037,,
12/15/23,04:36:15PM,16.79,62.7,50144,8.33,0.47,0,-0.44,-1.23,0.06,0.24,0.037,,
12/15/23,04:36:16PM,16.79,62.7,50144,8.33,0.48,0,-0.43,-1.22,0.06,0.24,0.037,,
12/15/23,04:36:17PM,16.79,62.7,50143,8.33,0.47,0,-0.43,-1.2,0.06,0.22,0.037,,
12/15/23,04:36:18PM,16.79,62.7,50144,8.33,0.47,0,-0.44,-1.23,0.05,0.2,0.037,,
12/15/23,04:36:19PM,16.79,62.7,50144,8.33,0.47,0,-0.42,-1.16,0.05,0.19,0.037,,
12/15/23,04:36:20PM,16.79,62.7,50144,8.33,0.46,0,-0.42,-1.17,0.04,0.17,0.037,,
12/15/23,04:36:21PM,16.789,62.7,50144,8.33,0.46,0,-0.42,-1.16,0.04,0.18,0.037,,
12/15/23,04:36:22PM,16.789,62.7,50144,8.33,0.45,0,-0.42,-1.16,0.04,0.17,0.037,,
12/15/23,04:36:23PM,16.789,62.7,50144,8.33,0.44,0,-0.43,-1.2,0.04,0.17,0.037,,
12/15/23,04:36:24PM,16.789,62.7,50144,8.33,0.42,0,-0.42,-1.19,0.04,0.18,0.037,,
12/15/23,04:36:25PM,16.789,62.7,50144,8.33,0.43,0,-0.43,-1.21,0.05,0.2,0.037,,
12/15/23,04:36:26PM,16.789,62.7,50144,8.33,0.42,0,-0.43,-1.22,0.04,0.18,0.037,,
12/15/23,04:36:27PM,16.789,62.7,50144,8.33,0.42,0,-0.42,-1.16,0.05,0.19,0.038,,
12/15/23,04:36:28PM,16.789,62.7,50144,8.33,0.41,0,-0.38,-1.07,0.05,0.21,0.038,,
12/15/23,04:36:29PM,16.789,62.7,50144,8.33,0.4,0,-0.37,-1.03,0.05,0.22,0.038,,
12/15/23,04:36:30PM,16.789,62.7,50145,8.33,0.39,0,-0.37,-1.04,0.05,0.21,0.038,,
12/15/23,04:36:31PM,16.789,62.7,50145,8.33,0.39,0,-0.36,-1.02,0.06,0.22,0.038,,
12/15/23,04:36:32PM,16.789,62.7,50144,8.33,0.38,0,-0.35,-0.99,0.06,0.22,0.038,,
12/15/23,04:36:33PM,16.789,62.7,50144,8.33,0.37,0,-0.33,-0.92,0.06,0.23,0.038,,
12/15/23,04:36:34PM,16.789,62.7,50144,8.33,0.38,0,-0.32,-0.91,0.06,0.22,0.038,,
12/15/23,04:36:35PM,16.789,62.7,50144,8.33,0.36,0,-0.33,-0.91,0.05,0.22,0.037,,
12/15/23,04:36:36PM,16.789,62.7,50144,8.33,0.36,0,-0.33,-0.92,0.06,0.23,0.038,,
12/15/23,04:36:37PM,16.789,62.7,50144,8.33,0.36,0,-0.33,-0.93,0.06,0.23,0.038,,
12/15/23,04:36:38PM,16.789,62.7,50143,8.33,0.37,0,-0.34,-0.94,0.06,0.25,0.038,,
12/15/23,04:36:39PM,16.789,62.7,50143,8.33,0.36,0,-0.33,-0.93,0.06,0.24,0.038,,
12/15/23,04:36:40PM,16.789,62.7,50143,8.33,0.35,0,-0.33,-0.94,0.05,0.21,0.038,,
12/15/23,04:36:41PM,16.789,62.7,50143,8.33,0.35,0,-0.34,-0.95,0.05,0.2,0.038,,
12/15/23,04:36:42PM,16.789,62.7,50143,8.33,0.36,0,-0.33,-0.92,0.05,0.21,0.038,,
12/15/23,04:36:43PM,16.789,62.7,50143,8.33,0.36,0,-0.34,-0.94,0.06,0.23,0.038,,
12/15/23,04:36:44PM,16.789,62.7,50143,8.33,0.35,0,-0.36,-1,0.06,0.24,0.038,,
12/15/23,04:36:45PM,16.789,62.7,50144,8.33,0.35,0,-0.36,-1,0.06,0.23,0.038,,
12/15/23,04:36:46PM,16.789,62.7,50144,8.33,0.35,0,-0.37,-1.03,0.05,0.21,0.038,,
12/15/23,04:36:47PM,16.789,62.7,50144,8.33,0.34,0,-0.38,-1.07,0.04,0.17,0.038,,
12/15/23,04:36:48PM,16.789,62.7,50144,8.33,0.35,0,-0.4,-1.11,0.05,0.18,0.038,,
12/15/23,04:36:49PM,16.789,62.7,50144,8.33,0.36,0,-0.41,-1.15,0.04,0.17,0.038,,
12/15/23,04:36:50PM,16.789,62.7,50144,8.33,0.36,0,-0.41,-1.15,0.04,0.17,0.037,,
12/15/23,04:36:51PM,16.789,62.7,50144,8.33,0.36,0,-0.43,-1.2,0.05,0.21,0.038,,
12/15/23,04:36:52PM,16.789,62.7,50145,8.33,0.36,0,-0.44,-1.22,0.05,0.22,0.038,,
12/15/23,04:36:53PM,16.789,62.7,50145,8.33,0.36,0,-0.44,-1.24,0.06,0.23,0.038,,
12/15/23,04:36:54PM,16.789,62.7,50145,8.33,0.36,0,-0.45,-1.25,0.05,0.2,0.038,,
12/15/23,04:36:55PM,16.789,62.7,50146,8.33,0.36,0,-0.46,-1.28,0.04,0.16,0.038,,
12/15/23,04:36:56PM,16.789,62.7,50146,8.33,0.36,0,-0.46,-1.28,0.04,0.17,0.038,,
12/15/23,04:36:57PM,16.789,62.7,50146,8.33,0.36,0,-0.45,-1.27,0.05,0.18,0.038,,
12/15/23,04:36:58PM,16.789,62.7,50145,8.33,0.36,0,-0.47,-1.33,0.05,0.18,0.038,,
12/15/23,04:36:59PM,16.789,62.7,50145,8.33,0.36,0,-0.47,-1.31,0.05,0.19,0.038,,
12/15/23,04:37:00PM,16.789,62.7,50145,8.33,0.37,0,-0.46,-1.28,0.05,0.21,0.038,,
12/15/23,04:37:01PM,16.789,62.7,50144,8.33,0.36,0,-0.45,-1.26,0.06,0.22,0.038,,
12/15/23,04:37:02PM,16.789,62.7,50144,8.33,0.37,0,-0.44,-1.24,0.05,0.22,0.038,,
12/15/23,04:37:03PM,16.789,62.7,50144,8.33,0.36,0,-0.44,-1.23,0.05,0.22,0.038,,
12/15/23,04:37:04PM,16.789,62.7,50143,8.33,0.35,0,-0.45,-1.27,0.06,0.23,0.038,,
12/15/23,04:37:05PM,16.789,62.7,50143,8.33,0.35,0,-0.46,-1.28,0.06,0.25,0.037,,
12/15/23,04:37:06PM,16.789,62.7,50143,8.33,0.35,0,-0.44,-1.24,0.07,0.29,0.038,,
12/15/23,04:37:07PM,16.789,62.7,50143,8.33,0.35,0,-0.44,-1.24,0.07,0.29,0.037,,
12/15/23,04:37:08PM,16.789,62.7,50143,8.33,0.36,0,-0.43,-1.22,0.07,0.28,0.037,,
12/15/23,04:37:09PM,16.789,62.7,50143,8.33,0.35,0,-0.43,-1.2,0.07,0.3,0.038,,
12/15/23,04:37:10PM,16.789,62.7,50143,8.33,0.34,0,-0.42,-1.18,0.07,0.27,0.038,,
12/15/23,04:37:11PM,16.789,62.7,50143,8.33,0.33,0,-0.42,-1.17,0.06,0.23,0.037,,
12/15/23,04:37:12PM,16.789,62.7,50143,8.33,0.34,0,-0.41,-1.14,0.06,0.23,0.038,,
12/15/23,04:37:13PM,16.789,62.7,50143,8.33,0.34,0,-0.39,-1.1,0.06,0.22,0.038,,
12/15/23,04:37:14PM,16.789,62.7,50143,8.33,0.33,0,-0.38,-1.07,0.06,0.23,0.038,,
12/15/23,04:37:15PM,16.789,62.7,50143,8.33,0.32,0,-0.36,-1.01,0.06,0.23,0.038,,
12/15/23,04:37:16PM,16.789,62.7,50144,8.33,0.32,0,-0.36,-1.02,0.06,0.24,0.038,,
12/15/23,04:37:17PM,16.789,62.7,50144,8.33,0.32,0,-0.35,-0.97,0.06,0.25,0.038,,
12/15/23,04:37:18PM,16.789,62.7,50145,8.33,0.33,0,-0.35,-0.98,0.06,0.24,0.038,,
12/15/23,04:37:19PM,16.789,62.7,50144,8.33,0.33,0,-0.37,-1.04,0.06,0.24,0.038,,
12/15/23,04:37:20PM,16.789,62.7,50144,8.33,0.33,0,-0.37,-1.05,0.06,0.24,0.038,,
12/15/23,04:37:21PM,16.789,62.7,50144,8.33,0.34,0,-0.38,-1.06,0.06,0.25,0.038,,
12/15/23,04:37:22PM,16.789,62.7,50144,8.33,0.33,0,-0.38,-1.08,0.07,0.27,0.038,,
12/15/23,04:37:23PM,16.789,62.7,50144,8.33,0.33,0,-0.37,-1.04,0.07,0.27,0.038,,
12/15/23,04:37:24PM,16.789,62.7,50144,8.33,0.33,0,-0.36,-1.02,0.07,0.26,0.038,,
12/15/23,04:37:25PM,16.789,62.7,50144,8.33,0.32,0,-0.37,-1.04,0.06,0.25,0.037,,
12/15/23,04:37:26PM,16.789,62.7,50144,8.33,0.33,0,-0.38,-1.06,0.05,0.21,0.038,,
12/15/23,04:37:27PM,16.789,62.7,50145,8.33,0.33,0,-0.38,-1.08,0.05,0.18,0.038,,
12/15/23,04:37:28PM,16.789,62.7,50144,8.33,0.34,0,-0.4,-1.12,0.04,0.17,0.038,,
12/15/23,04:37:29PM,16.789,62.7,50144,8.33,0.35,0,-0.4,-1.11,0.04,0.16,0.038,,
12/15/23,04:37:30PM,16.789,62.7,50144,8.33,0.35,0,-0.4,-1.13,0.04,0.15,0.038,,
12/15/23,04:37:31PM,16.789,62.7,50144,8.33,0.34,0,-0.41,-1.16,0.04,0.16,0.038,,
12/15/23,04:37:32PM,16.789,62.7,50144,8.33,0.34,0,-0.42,-1.16,0.04,0.15,0.038,,
12/15/23,04:37:33PM,16.789,62.7,50145,8.33,0.34,0,-0.41,-1.13,0.04,0.16,0.038,,
12/15/23,04:37:34PM,16.789,62.7,50145,8.33,0.34,0,-0.42,-1.18,0.03,0.14,0.038,,
12/15/23,04:37:35PM,16.789,62.7,50145,8.33,0.34,0,-0.43,-1.2,0.04,0.16,0.038,,
12/15/23,04:37:36PM,16.788,62.7,50146,8.33,0.34,0,-0.43,-1.19,0.04,0.16,0.038,,
12/15/23,04:37:37PM,16.789,62.7,50146,8.33,0.35,0,-0.44,-1.23,0.04,0.17,0.038,,
12/15/23,04:37:38PM,16.788,62.7,50146,8.33,0.35,0,-0.43,-1.21,0.04,0.18,0.038,,
12/15/23,04:37:39PM,16.788,62.7,50146,8.33,0.35,0,-0.45,-1.25,0.04,0.18,0.038,,
12/15/23,04:37:40PM,16.788,62.7,50146,8.33,0.35,0,-0.45,-1.26,0.05,0.18,0.038,,
12/15/23,04:37:41PM,16.788,62.7,50146,8.33,0.35,0,-0.45,-1.27,0.05,0.19,0.038,,
12/15/23,04:37:42PM,16.789,62.7,50146,8.33,0.34,0,-0.45,-1.26,0.05,0.2,0.038,,
12/15/23,04:37:43PM,16.789,62.7,50146,8.33,0.33,0,-0.46,-1.29,0.06,0.23,0.038,,
12/15/23,04:37:44PM,16.789,62.7,50146,8.33,0.32,0,-0.45,-1.26,0.05,0.2,0.038,,
12/15/23,04:37:45PM,16.789,62.7,50146,8.33,0.33,0,-0.45,-1.26,0.05,0.19,0.038,,
12/15/23,04:37:46PM,16.789,62.7,50146,8.33,0.33,0,-0.44,-1.24,0.05,0.19,0.038,,
12/15/23,04:37:47PM,16.789,62.7,50146,8.33,0.32,0,-0.42,-1.17,0.05,0.18,0.038,,
12/15/23,04:37:48PM,16.789,62.7,50146,8.33,0.32,0,-0.42,-1.18,0.05,0.2,0.038,,
12/15/23,04:37:49PM,16.789,62.7,50146,8.33,0.32,0,-0.41,-1.16,0.06,0.23,0.038,,
12/15/23,04:37:50PM,16.789,62.7,50146,8.33,0.31,0,-0.41,-1.14,0.06,0.24,0.038,,
12/15/23,04:37:51PM,16.789,62.7,50146,8.33,0.3,0,-0.41,-1.15,0.06,0.26,0.038,,
12/15/23,04:37:52PM,16.789,62.7,50146,8.33,0.3,0,-0.41,-1.15,0.07,0.28,0.038,,
12/15/23,04:37:53PM,16.789,62.7,50146,8.33,0.31,0,-0.4,-1.11,0.06,0.24,0.038,,
12/15/23,04:37:54PM,16.789,62.7,50146,8.33,0.3,0,-0.4,-1.11,0.06,0.24,0.038,,
12/15/23,04:37:55PM,16.789,62.7,50147,8.33,0.3,0,-0.4,-1.12,0.06,0.25,0.038,,
12/15/23,04:37:56PM,16.789,62.7,50147,8.33,0.3,0,-0.39,-1.11,0.07,0.28,0.038,,
12/15/23,04:37:57PM,16.789,62.7,50148,8.33,0.3,0,-0.4,-1.11,0.07,0.27,0.038,,
12/15/23,04:37:58PM,16.789,62.7,50148,8.33,0.3,0,-0.39,-1.09,0.06,0.24,0.038,,
12/15/23,04:37:59PM,16.789,62.7,50148,8.33,0.3,0,-0.39,-1.1,0.06,0.22,0.038,,
12/15/23,04:38:00PM,16.789,62.7,50148,8.33,0.3,0,-0.38,-1.06,0.06,0.23,0.038,,
12/15/23,04:38:01PM,16.789,62.7,50148,8.33,0.3,0,-0.39,-1.08,0.06,0.22,0.038,,
12/15/23,04:38:02PM,16.789,62.7,50148,8.33,0.3,0,-0.37,-1.05,0.06,0.24,0.038,,
12/15/23,04:38:03PM,16.789,62.7,50148,8.33,0.3,0,-0.37,-1.05,0.06,0.23,0.038,,
12/15/23,04:38:04PM,16.789,62.7,50148,8.33,0.3,0,-0.36,-1.02,0.07,0.27,0.038,,
12/15/23,04:38:05PM,16.789,62.7,50148,8.33,0.31,0,-0.35,-0.98,0.06,0.25,0.038,,
12/15/23,04:38:06PM,16.789,62.7,50148,8.33,0.3,0,-0.36,-1.01,0.07,0.27,0.038,,
12/15/23,04:38:07PM,16.789,62.7,50148,8.33,0.3,0,-0.35,-0.98,0.07,0.29,0.038,,
12/15/23,04:38:08PM,16.789,62.7,50147,8.33,0.29,0,-0.35,-0.99,0.07,0.3,0.038,,
12/15/23,04:38:09PM,16.789,62.7,50147,8.33,0.29,0,-0.35,-0.98,0.08,0.3,0.038,,
12/15/23,04:38:10PM,16.789,62.7,50147,8.33,0.29,0,-0.35,-0.98,0.08,0.32,0.038,,
12/15/23,04:38:11PM,16.789,62.7,50147,8.33,0.29,0,-0.36,-1.02,0.07,0.29,0.038,,
12/15/23,04:38:12PM,16.789,62.7,50147,8.33,0.3,0,-0.37,-1.03,0.07,0.27,0.038,,
12/15/23,04:38:13PM,16.789,62.7,50147,8.33,0.31,0,-0.37,-1.05,0.06,0.25,0.038,,
12/15/23,04:38:14PM,16.789,62.7,50147,8.33,0.32,0,-0.37,-1.03,0.06,0.23,0.038,,
12/15/23,04:38:15PM,16.789,62.7,50146,8.33,0.32,0,-0.37,-1.04,0.06,0.22,0.038,,
12/15/23,04:38:16PM,16.789,62.7,50147,8.33,0.33,0,-0.38,-1.05,0.06,0.24,0.038,,
12/15/23,04:38:17PM,16.789,62.7,50146,8.33,0.34,0,-0.37,-1.02,0.06,0.22,0.038,,
12/15/23,04:38:18PM,16.789,62.7,50147,8.33,0.34,0,-0.38,-1.07,0.05,0.21,0.038,,
12/15/23,04:38:19PM,16.789,62.7,50147,8.33,0.35,0,-0.36,-1.02,0.05,0.21,0.038,,
12/15/23,04:38:20PM,16.789,62.7,50147,8.33,0.36,0,-0.36,-1,0.06,0.23,0.038,,
12/15/23,04:38:21PM,16.789,62.7,50147,8.33,0.37,0,-0.37,-1.02,0.06,0.23,0.038,,
12/15/23,04:38:22PM,16.789,62.7,50147,8.33,0.37,0,-0.37,-1.05,0.06,0.23,0.038,,
12/15/23,04:38:23PM,16.789,62.7,50147,8.33,0.37,0,-0.37,-1.03,0.06,0.26,0.038,,
12/15/23,04:38:24PM,16.789,62.7,50147,8.33,0.38,0,-0.38,-1.07,0.06,0.26,0.038,,
12/15/23,04:38:25PM,16.789,62.7,50148,8.33,0.38,0,-0.38,-1.07,0.06,0.26,0.038,,
12/15/23,04:38:26PM,16.789,62.7,50148,8.33,0.37,0,-0.4,-1.11,0.06,0.25,0.038,,
12/15/23,04:38:27PM,16.789,62.7,50148,8.33,0.38,0,-0.39,-1.09,0.06,0.25,0.038,,
12/15/23,04:38:28PM,16.789,62.7,50148,8.33,0.38,0,-0.4,-1.13,0.06,0.25,0.038,,
12/15/23,04:38:29PM,16.789,62.7,50148,8.33,0.37,0,-0.41,-1.14,0.06,0.22,0.038,,
12/15/23,04:38:30PM,16.789,62.7,50148,8.33,0.38,0,-0.41,-1.15,0.05,0.2,0.038,,
12/15/23,04:38:31PM,16.789,62.7,50148,8.33,0.37,0,-0.42,-1.16,0.05,0.19,0.038,,
12/15/23,04:38:32PM,16.789,62.7,50148,8.33,0.37,0,-0.41,-1.15,0.05,0.18,0.038,,
12/15/23,04:38:33PM,16.789,62.7,50148,8.33,0.36,0,-0.41,-1.14,0.05,0.18,0.038,,
12/15/23,04:38:34PM,16.789,62.7,50148,8.33,0.36,0,-0.39,-1.1,0.04,0.18,0.038,,
12/15/23,04:38:35PM,16.789,62.7,50148,8.33,0.34,0,-0.39,-1.08,0.05,0.18,0.038,,
12/15/23,04:38:36PM,16.789,62.7,50148,8.33,0.35,0,-0.4,-1.12,0.05,0.18,0.038,,
12/15/23,04:38:37PM,16.789,62.7,50148,8.33,0.35,0,-0.38,-1.05,0.05,0.18,0.038,,
12/15/23,04:38:38PM,16.79,62.7,50148,8.33,0.36,0,-0.4,-1.13,0.05,0.19,0.038,,
12/15/23,04:38:39PM,16.789,62.7,50148,8.33,0.35,0,-0.41,-1.14,0.05,0.2,0.038,,
12/15/23,04:38:40PM,16.79,62.7,50148,8.33,0.34,0,-0.4,-1.11,0.05,0.22,0.038,,
12/15/23,04:38:41PM,16.789,62.7,50148,8.33,0.36,0,-0.39,-1.1,0.06,0.26,0.038,,
12/15/23,04:38:42PM,16.789,62.7,50148,8.33,0.35,0,-0.39,-1.1,0.06,0.25,0.038,,
12/15/23,04:38:43PM,16.789,62.7,50147,8.33,0.35,0,-0.38,-1.07,0.06,0.25,0.038,,
12/15/23,04:38:44PM,16.79,62.7,50148,8.33,0.35,0,-0.38,-1.07,0.06,0.25,0.038,,
12/15/23,04:38:45PM,16.789,62.7,50148,8.33,0.35,0,-0.36,-1.02,0.06,0.25,0.038,,
12/15/23,04:38:46PM,16.79,62.7,50148,8.33,0.36,0,-0.36,-1.01,0.06,0.25,0.038,,
12/15/23,04:38:47PM,16.79,62.7,50147,8.33,0.35,0,-0.35,-0.97,0.07,0.27,0.038,,
12/15/23,04:38:48PM,16.79,62.7,50148,8.33,0.34,0,-0.35,-0.97,0.07,0.29,0.038,,
12/15/23,04:38:49PM,16.79,62.7,50147,8.33,0.35,0,-0.33,-0.93,0.07,0.28,0.038,,
12/15/23,04:38:50PM,16.79,62.7,50148,8.33,0.36,0,-0.33,-0.93,0.07,0.29,0.038,,
12/15/23,04:38:51PM,16.79,62.7,50148,8.33,0.37,0,-0.33,-0.93,0.07,0.29,0.038,,
12/15/23,04:38:52PM,16.79,62.7,50149,8.33,0.37,0,-0.33,-0.93,0.07,0.27,0.038,,
12/15/23,04:38:53PM,16.79,62.7,50149,8.33,0.38,0,-0.34,-0.95,0.07,0.28,0.038,,
12/15/23,04:38:54PM,16.79,62.7,50148,8.33,0.39,0,-0.32,-0.9,0.07,0.27,0.038,,
12/15/23,04:38:55PM,16.79,62.7,50148,8.33,0.39,0,-0.32,-0.88,0.06,0.26,0.038,,
12/15/23,04:38:56PM,16.79,62.7,50149,8.33,0.39,0,-0.31,-0.87,0.06,0.25,0.038,,
12/15/23,04:38:57PM,16.79,62.7,50149,8.33,0.4,0,-0.3,-0.85,0.06,0.22,0.038,,
12/15/23,04:38:58PM,16.79,62.7,50149,8.33,0.41,0,-0.3,-0.83,0.05,0.2,0.038,,
12/15/23,04:38:59PM,16.79,62.7,50149,8.33,0.42,0,-0.3,-0.83,0.05,0.19,0.038,,
12/15/23,04:39:00PM,16.79,62.7,50149,8.33,0.45,0,-0.3,-0.83,0.04,0.18,0.038,,
12/15/23,04:39:01PM,16.79,62.7,50149,8.33,0.46,0,-0.3,-0.84,0.04,0.17,0.038,,
12/15/23,04:39:02PM,16.79,62.7,50149,8.33,0.48,0,-0.3,-0.84,0.04,0.17,0.038,,
12/15/23,04:39:03PM,16.79,62.7,50150,8.33,0.52,0,-0.31,-0.86,0.04,0.15,0.038,,
12/15/23,04:39:04PM,16.79,62.7,50149,8.33,0.53,0,-0.31,-0.88,0.03,0.13,0.038,,
12/15/23,04:39:05PM,16.79,62.7,50149,8.33,0.54,0,-0.32,-0.9,0.03,0.13,0.038,,
12/15/23,04:39:06PM,16.79,62.7,50149,8.33,0.55,0,-0.32,-0.91,0.04,0.15,0.038,,
12/15/23,04:39:07PM,16.79,62.7,50149,8.33,0.56,0,-0.32,-0.91,0.04,0.14,0.038,,
12/15/23,04:39:08PM,16.79,62.7,50149,8.33,0.57,0,-0.33,-0.92,0.04,0.15,0.038,,
12/15/23,04:39:09PM,16.79,62.7,50149,8.33,0.56,0,-0.32,-0.9,0.03,0.13,0.038,,
12/15/23,04:39:10PM,16.79,62.7,50149,8.33,0.56,0,-0.33,-0.92,0.04,0.14,0.038,,
12/15/23,04:39:11PM,16.79,62.7,50149,8.33,0.56,0,-0.34,-0.96,0.04,0.14,0.038,,
12/15/23,04:39:12PM,16.79,62.7,50149,8.33,0.55,0,-0.35,-0.99,0.03,0.14,0.038,,
12/15/23,04:39:13PM,16.79,62.7,50150,8.33,0.54,0,-0.37,-1.04,0.04,0.16,0.038,,
12/15/23,04:39:14PM,16.79,62.7,50150,8.33,0.52,0,-0.37,-1.03,0.03,0.14,0.038,,
12/15/23,04:39:15PM,16.79,62.7,50149,8.33,0.5,0,-0.39,-1.08,0.04,0.17,0.038,,
12/15/23,04:39:16PM,16.79,62.7,50149,8.33,0.48,0,-0.38,-1.08,0.04,0.17,0.038,,
12/15/23,04:39:17PM,16.79,62.7,50149,8.33,0.45,0,-0.4,-1.13,0.04,0.17,0.038,,
12/15/23,04:39:18PM,16.79,62.7,50150,8.33,0.41,0,-0.41,-1.14,0.04,0.16,0.038,,
12/15/23,04:39:19PM,16.79,62.7,50150,8.33,0.38,0,-0.41,-1.16,0.04,0.17,0.038,,
12/15/23,04:39:20PM,16.79,62.7,50151,8.33,0.37,0,-0.43,-1.2,0.05,0.19,0.038,,
12/15/23,04:39:21PM,16.79,62.7,50151,8.33,0.35,0,-0.44,-1.23,0.04,0.16,0.038,,
12/15/23,04:39:22PM,16.79,62.7,50151,8.33,0.34,0,-0.43,-1.21,0.04,0.17,0.038,,
12/15/23,04:39:23PM,16.79,62.7,50151,8.33,0.33,0,-0.43,-1.21,0.05,0.19,0.038,,
12/15/23,04:39:24PM,16.79,62.7,50151,8.33,0.33,0,-0.42,-1.18,0.04,0.17,0.038,,
12/15/23,04:39:25PM,16.79,62.7,50151,8.33,0.33,0,-0.43,-1.21,0.05,0.2,0.038,,
12/15/23,04:39:26PM,16.79,62.7,50151,8.33,0.32,0,-0.45,-1.26,0.04,0.17,0.038,,
12/15/23,04:39:27PM,16.79,62.7,50152,8.33,0.32,0,-0.46,-1.28,0.04,0.17,0.038,,
12/15/23,04:39:28PM,16.79,62.7,50152,8.33,0.31,0,-0.46,-1.29,0.04,0.17,0.038,,
12/15/23,04:39:29PM,16.791,62.7,50151,8.33,0.32,0,-0.45,-1.26,0.05,0.18,0.038,,
12/15/23,04:39:30PM,16.79,62.7,50151,8.33,0.32,0,-0.44,-1.25,0.05,0.19,0.038,,
12/15/23,04:39:31PM,16.79,62.7,50151,8.33,0.33,0,-0.43,-1.21,0.04,0.15,0.038,,
12/15/23,04:39:32PM,16.791,62.7,50151,8.33,0.33,0,-0.43,-1.2,0.04,0.15,0.038,,
12/15/23,04:39:33PM,16.791,62.7,50150,8.33,0.33,0,-0.44,-1.23,0.03,0.11,0.038,,
12/15/23,04:39:34PM,16.791,62.7,50150,8.33,0.33,0,-0.43,-1.22,0.02,0.1,0.038,,
12/15/23,04:39:35PM,16.791,62.7,50150,8.33,0.32,0,-0.43,-1.21,0.03,0.1,0.038,,
12/15/23,04:39:36PM,16.791,62.7,50151,8.33,0.33,0,-0.42,-1.18,0.02,0.08,0.038,,
12/15/23,04:39:37PM,16.791,62.7,50151,8.33,0.33,0,-0.43,-1.22,0.02,0.08,0.038,,
12/15/23,04:39:38PM,16.791,62.7,50151,8.33,0.33,0,-0.44,-1.22,0.02,0.09,0.038,,
12/15/23,04:39:39PM,16.791,62.7,50150,8.33,0.33,0,-0.44,-1.22,0.02,0.06,0.038,,
12/15/23,04:39:40PM,16.791,62.7,50150,8.33,0.33,0,-0.43,-1.21,0.01,0.05,0.038,,
12/15/23,04:39:41PM,16.791,62.7,50150,8.33,0.33,0,-0.45,-1.27,0.01,0.05,0.038,,
12/15/23,04:39:42PM,16.791,62.7,50150,8.33,0.33,0,-0.46,-1.3,0.02,0.09,0.038,,
12/15/23,04:39:43PM,16.791,62.7,50150,8.33,0.34,0,-0.47,-1.33,0.02,0.09,0.038,,
12/15/23,04:39:44PM,16.791,62.7,50151,8.33,0.34,0,-0.47,-1.31,0.03,0.11,0.038,,
12/15/23,04:39:45PM,16.791,62.7,50151,8.33,0.33,0,-0.45,-1.26,0.03,0.11,0.038,,
12/15/23,04:39:46PM,16.79,62.7,50151,8.33,0.33,0,-0.44,-1.24,0.03,0.12,0.038,,
12/15/23,04:39:47PM,16.79,62.7,50151,8.33,0.34,0,-0.45,-1.25,0.03,0.11,0.038,,
12/15/23,04:39:48PM,16.79,62.7,50151,8.33,0.34,0,-0.44,-1.23,0.02,0.1,0.038,,
12/15/23,04:39:49PM,16.79,62.7,50151,8.33,0.34,0,-0.45,-1.25,0.03,0.1,0.038,,
12/15/23,04:39:50PM,16.79,62.7,50151,8.33,0.34,0,-0.45,-1.27,0.03,0.12,0.038,,
12/15/23,04:39:51PM,16.79,62.7,50151,8.33,0.32,0,-0.46,-1.3,0.03,0.11,0.038,,
12/15/23,04:39:52PM,16.79,62.7,50151,8.33,0.33,0,-0.46,-1.29,0.03,0.11,0.038,,
12/15/23,04:39:53PM,16.79,62.7,50151,8.33,0.33,0,-0.46,-1.3,0.02,0.09,0.038,,
12/15/23,04:39:54PM,16.79,62.7,50152,8.33,0.32,0,-0.46,-1.29,0.02,0.07,0.038,,
12/15/23,04:39:55PM,16.79,62.7,50152,8.33,0.32,0,-0.46,-1.28,0.02,0.09,0.038,,
12/15/23,04:39:56PM,16.79,62.7,50152,8.33,0.31,0,-0.45,-1.27,0.02,0.07,0.038,,
12/15/23,04:39:57PM,16.79,62.7,50152,8.33,0.32,0,-0.44,-1.24,0.02,0.07,0.038,,
12/15/23,04:39:58PM,16.79,62.7,50152,8.33,0.31,0,-0.44,-1.24,0.02,0.08,0.038,,
12/15/23,04:39:59PM,16.79,62.7,50152,8.33,0.31,0,-0.44,-1.24,0.03,0.12,0.038,,
12/15/23,04:40:00PM,16.79,62.7,50152,8.33,0.32,0,-0.43,-1.21,0.02,0.1,0.038,,
12/15/23,04:40:01PM,16.79,62.7,50152,8.33,0.31,0,-0.42,-1.18,0.02,0.07,0.038,,
12/15/23,04:40:02PM,16.79,62.7,50152,8.33,0.32,0,-0.41,-1.14,0.02,0.06,0.038,,
12/15/23,04:40:03PM,16.79,62.7,50152,8.33,0.33,0,-0.4,-1.13,0.02,0.06,0.038,,
12/15/23,04:40:04PM,16.79,62.7,50152,8.33,0.33,0,-0.4,-1.13,0.02,0.08,0.038,,
12/15/23,04:40:05PM,16.79,62.7,50152,8.33,0.33,0,-0.39,-1.11,0.03,0.1,0.038,,
12/15/23,04:40:06PM,16.79,62.7,50152,8.33,0.34,0,-0.38,-1.08,0.03,0.1,0.038,,
12/15/23,04:40:07PM,16.79,62.7,50152,8.33,0.34,0,-0.38,-1.06,0.03,0.12,0.038,,
12/15/23,04:40:08PM,16.79,62.7,50152,8.33,0.34,0,-0.37,-1.04,0.03,0.13,0.038,,
12/15/23,04:40:09PM,16.79,62.7,50152,8.33,0.33,0,-0.37,-1.04,0.03,0.14,0.038,,
12/15/23,04:40:10PM,16.79,62.7,50152,8.33,0.34,0,-0.37,-1.03,0.03,0.14,0.038,,
12/15/23,04:40:11PM,16.79,62.7,50152,8.33,0.34,0,-0.36,-1,0.04,0.15,0.038,,
12/15/23,04:40:12PM,16.79,62.7,50152,8.33,0.33,0,-0.35,-0.99,0.04,0.15,0.038,,
12/15/23,04:40:13PM,16.79,62.7,50152,8.33,0.33,0,-0.36,-1.02,0.04,0.17,0.038,,
12/15/23,04:40:14PM,16.79,62.7,50152,8.33,0.34,0,-0.37,-1.03,0.04,0.15,0.038,,
12/15/23,04:40:15PM,16.79,62.7,50152,8.33,0.34,0,-0.36,-1.02,0.04,0.16,0.038,,
12/15/23,04:40:16PM,16.79,62.7,50152,8.33,0.35,0,-0.35,-0.99,0.04,0.16,0.038,,
12/15/23,04:40:17PM,16.79,62.7,50151,8.33,0.34,0,-0.36,-1,0.04,0.14,0.038,,
12/15/23,04:40:18PM,16.79,62.7,50151,8.33,0.34,0,-0.35,-0.98,0.03,0.13,0.038,,
12/15/23,04:40:19PM,16.79,62.7,50152,8.33,0.34,0,-0.36,-1.01,0.04,0.15,0.038,,
12/15/23,04:40:20PM,16.79,62.7,50151,8.33,0.35,0,-0.36,-1.01,0.03,0.12,0.038,,
12/15/23,04:40:21PM,16.79,62.7,50151,8.33,0.35,0,-0.37,-1.04,0.03,0.11,0.038,,
12/15/23,04:40:22PM,16.79,62.7,50151,8.33,0.34,0,-0.38,-1.06,0.02,0.08,0.038,,
12/15/23,04:40:23PM,16.79,62.7,50151,8.33,0.34,0,-0.4,-1.11,0.02,0.08,0.039,,
12/15/23,04:40:24PM,16.79,62.7,50151,8.33,0.35,0,-0.4,-1.13,0.02,0.08,0.039,,
12/15/23,04:40:25PM,16.79,62.7,50152,8.33,0.35,0,-0.41,-1.14,0.02,0.08,0.039,,
12/15/23,04:40:26PM,16.79,62.7,50152,8.33,0.36,0,-0.41,-1.16,0.02,0.06,0.038,,
12/15/23,04:40:27PM,16.79,62.7,50152,8.33,0.36,0,-0.43,-1.2,0.02,0.07,0.038,,
12/15/23,04:40:28PM,16.79,62.7,50153,8.33,0.35,0,-0.43,-1.2,0.02,0.08,0.038,,
12/15/23,04:40:29PM,16.789,62.7,50153,8.33,0.34,0,-0.42,-1.19,0.03,0.1,0.038,,
12/15/23,04:40:30PM,16.789,62.7,50152,8.33,0.34,0,-0.42,-1.19,0.02,0.09,0.038,,
12/15/23,04:40:31PM,16.789,62.7,50153,8.33,0.33,0,-0.43,-1.2,0.03,0.12,0.038,,
12/15/23,04:40:32PM,16.789,62.7,50152,8.33,0.34,0,-0.42,-1.19,0.03,0.11,0.038,,
12/15/23,04:40:33PM,16.789,62.7,50152,8.33,0.32,0,-0.42,-1.18,0.04,0.15,0.038,,
12/15/23,04:40:34PM,16.789,62.7,50153,8.33,0.32,0,-0.43,-1.2,0.04,0.15,0.038,,
12/15/23,04:40:35PM,16.789,62.7,50153,8.33,0.34,0,-0.44,-1.25,0.04,0.16,0.038,,
12/15/23,04:40:36PM,16.789,62.7,50153,8.33,0.33,0,-0.44,-1.25,0.05,0.2,0.038,,
12/15/23,04:40:37PM,16.789,62.7,50153,8.33,0.34,0,-0.45,-1.25,0.05,0.21,0.038,,
12/15/23,04:40:38PM,16.789,62.7,50153,8.33,0.33,0,-0.43,-1.2,0.05,0.19,0.038,,
12/15/23,04:40:39PM,16.789,62.7,50153,8.33,0.32,0,-0.43,-1.2,0.05,0.19,0.038,,
12/15/23,04:40:40PM,16.789,62.7,50153,8.33,0.32,0,-0.43,-1.2,0.05,0.2,0.038,,
12/15/23,04:40:41PM,16.789,62.7,50153,8.33,0.32,0,-0.42,-1.18,0.05,0.18,0.038,,
12/15/23,04:40:42PM,16.789,62.7,50153,8.33,0.32,0,-0.41,-1.15,0.04,0.17,0.038,,
12/15/23,04:40:43PM,16.789,62.7,50152,8.33,0.32,0,-0.41,-1.15,0.05,0.21,0.038,,
12/15/23,04:40:44PM,16.789,62.7,50152,8.33,0.32,0,-0.4,-1.13,0.05,0.2,0.038,,
12/15/23,04:40:45PM,16.789,62.7,50153,8.33,0.32,0,-0.41,-1.14,0.05,0.21,0.038,,
12/15/23,04:40:46PM,16.789,62.7,50153,8.33,0.32,0,-0.39,-1.1,0.05,0.2,0.038,,
12/15/23,04:40:47PM,16.789,62.7,50153,8.33,0.32,0,-0.39,-1.08,0.05,0.19,0.038,,
12/15/23,04:40:48PM,16.789,62.7,50153,8.33,0.32,0,-0.39,-1.09,0.05,0.19,0.038,,
12/15/23,04:40:49PM,16.789,62.7,50152,8.33,0.32,0,-0.4,-1.13,0.05,0.19,0.038,,
12/15/23,04:40:50PM,16.789,62.7,50152,8.33,0.31,0,-0.4,-1.12,0.04,0.18,0.038,,
12/15/23,04:40:51PM,16.789,62.7,50152,8.33,0.31,0,-0.4,-1.12,0.04,0.15,0.038,,
12/15/23,04:40:52PM,16.789,62.7,50152,8.33,0.31,0,-0.41,-1.16,0.03,0.14,0.038,,
12/15/23,04:40:53PM,16.789,62.7,50151,8.33,0.32,0,-0.43,-1.21,0.04,0.17,0.038,,
12/15/23,04:40:54PM,16.789,62.7,50151,8.33,0.32,0,-0.41,-1.16,0.04,0.18,0.038,,
12/15/23,04:40:55PM,16.789,62.7,50152,8.33,0.33,0,-0.41,-1.13,0.05,0.18,0.038,,
12/15/23,04:40:56PM,16.789,62.7,50152,8.33,0.33,0,-0.41,-1.16,0.04,0.17,0.038,,
12/15/23,04:40:57PM,16.789,62.7,50152,8.33,0.33,0,-0.42,-1.17,0.04,0.18,0.038,,
12/15/23,04:40:58PM,16.789,62.7,50151,8.33,0.33,0,-0.42,-1.17,0.04,0.17,0.038,,
12/15/23,04:40:59PM,16.789,62.7,50151,8.33,0.32,0,-0.41,-1.16,0.05,0.18,0.038,,
12/15/23,04:41:00PM,16.789,62.7,50151,8.33,0.34,0,-0.43,-1.19,0.05,0.22,0.038,,
12/15/23,04:41:01PM,16.789,62.7,50152,8.33,0.34,0,-0.41,-1.16,0.05,0.21,0.038,,
12/15/23,04:41:02PM,16.789,62.8,50151,8.33,0.34,0,-0.41,-1.16,0.05,0.21,0.038,,
12/15/23,04:41:03PM,16.789,62.8,50151,8.33,0.34,0,-0.41,-1.15,0.05,0.2,0.038,,
12/15/23,04:41:04PM,16.789,62.8,50152,8.33,0.34,0,-0.41,-1.15,0.05,0.2,0.038,,
12/15/23,04:41:05PM,16.789,62.8,50152,8.33,0.36,0,-0.41,-1.13,0.05,0.2,0.038,,
12/15/23,04:41:06PM,16.789,62.8,50152,8.33,0.36,0,-0.41,-1.15,0.05,0.2,0.038,,
12/15/23,04:41:07PM,16.788,62.8,50152,8.33,0.34,0,-0.4,-1.12,0.05,0.22,0.038,,
12/15/23,04:41:08PM,16.788,62.8,50152,8.33,0.34,0,-0.38,-1.08,0.05,0.22,0.038,,
12/15/23,04:41:09PM,16.788,62.8,50152,8.33,0.35,0,-0.38,-1.05,0.06,0.25,0.038,,
12/15/23,04:41:10PM,16.789,62.8,50152,8.33,0.34,0,-0.39,-1.08,0.06,0.22,0.038,,
12/15/23,04:41:11PM,16.789,62.8,50153,8.33,0.33,0,-0.37,-1.05,0.05,0.21,0.038,,
12/15/23,04:41:12PM,16.789,62.8,50153,8.33,0.33,0,-0.35,-0.97,0.06,0.23,0.038,,
12/15/23,04:41:13PM,16.788,62.8,50153,8.33,0.34,0,-0.36,-1.01,0.06,0.25,0.038,,
12/15/23,04:41:14PM,16.788,62.8,50153,8.33,0.34,0,-0.36,-1.01,0.06,0.25,0.038,,
12/15/23,04:41:15PM,16.789,62.8,50152,8.33,0.33,0,-0.35,-0.99,0.06,0.26,0.038,,
12/15/23,04:41:16PM,16.789,62.8,50153,8.33,0.33,0,-0.36,-1,0.06,0.22,0.038,,
12/15/23,04:41:17PM,16.789,62.8,50152,8.33,0.33,0,-0.36,-1.01,0.05,0.21,0.038,,
12/15/23,04:41:18PM,16.788,62.8,50153,8.33,0.33,0,-0.35,-0.98,0.05,0.18,0.038,,
12/15/23,04:41:19PM,16.788,62.8,50153,8.33,0.33,0,-0.33,-0.93,0.05,0.19,0.038,,
12/15/23,04:41:20PM,16.788,62.8,50153,8.33,0.33,0,-0.33,-0.94,0.04,0.17,0.038,,
12/15/23,04:41:21PM,16.788,62.8,50153,8.33,0.33,0,-0.34,-0.94,0.05,0.18,0.038,,
12/15/23,04:41:22PM,16.788,62.8,50153,8.33,0.34,0,-0.35,-0.97,0.04,0.16,0.038,,
12/15/23,04:41:23PM,16.788,62.8,50154,8.33,0.33,0,-0.34,-0.96,0.04,0.16,0.038,,
12/15/23,04:41:24PM,16.788,62.8,50153,8.33,0.33,0,-0.36,-1.02,0.05,0.2,0.038,,
12/15/23,04:41:25PM,16.788,62.8,50153,8.33,0.32,0,-0.36,-1.01,0.05,0.2,0.038,,
12/15/23,04:41:26PM,16.788,62.8,50153,8.33,0.33,0,-0.36,-1.01,0.05,0.2,0.038,,
12/15/23,04:41:27PM,16.788,62.8,50153,8.33,0.32,0,-0.38,-1.05,0.06,0.22,0.038,,
12/15/23,04:41:28PM,16.788,62.8,50153,8.33,0.32,0,-0.37,-1.03,0.05,0.21,0.038,,
12/15/23,04:41:29PM,16.788,62.8,50153,8.33,0.33,0,-0.36,-1,0.05,0.22,0.038,,
12/15/23,04:41:30PM,16.788,62.8,50153,8.33,0.34,0,-0.37,-1.03,0.05,0.22,0.038,,
12/15/23,04:41:31PM,16.788,62.8,50153,8.33,0.35,0,-0.37,-1.03,0.05,0.22,0.038,,
12/15/23,04:41:32PM,16.788,62.8,50153,8.33,0.35,0,-0.37,-1.03,0.06,0.23,0.038,,
12/15/23,04:41:33PM,16.788,62.8,50153,8.33,0.35,0,-0.37,-1.03,0.05,0.21,0.038,,
12/15/23,04:41:34PM,16.788,62.8,50152,8.33,0.36,0,-0.36,-1.01,0.05,0.21,0.038,,
12/15/23,04:41:35PM,16.788,62.8,50152,8.33,0.36,0,-0.37,-1.03,0.04,0.17,0.038,,
12/15/23,04:41:36PM,16.788,62.8,50152,8.33,0.36,0,-0.36,-1.01,0.03,0.12,0.038,,
12/15/23,04:41:37PM,16.788,62.8,50153,8.33,0.37,0,-0.37,-1.03,0.03,0.12,0.038,,
12/15/23,04:41:38PM,16.788,62.8,50153,8.33,0.37,0,-0.37,-1.05,0.02,0.09,0.038,,
12/15/23,04:41:39PM,16.788,62.8,50153,8.33,0.39,0,-0.39,-1.1,0.03,0.1,0.038,,
12/15/23,04:41:40PM,16.788,62.8,50153,8.33,0.39,0,-0.39,-1.08,0.03,0.12,0.038,,
12/15/23,04:41:41PM,16.788,62.8,50153,8.33,0.38,0,-0.39,-1.09,0.03,0.11,0.038,,
12/15/23,04:41:42PM,16.788,62.8,50154,8.33,0.4,0,-0.39,-1.09,0.02,0.09,0.038,,
12/15/23,04:41:43PM,16.788,62.8,50154,8.33,0.4,0,-0.39,-1.09,0.02,0.09,0.038,,
12/15/23,04:41:44PM,16.788,62.8,50154,8.33,0.41,0,-0.39,-1.1,0.03,0.12,0.038,,
12/15/23,04:41:45PM,16.788,62.8,50154,8.33,0.41,0,-0.39,-1.1,0.03,0.13,0.038,,
12/15/23,04:41:46PM,16.788,62.8,50154,8.33,0.41,0,-0.39,-1.1,0.04,0.16,0.038,,
12/15/23,04:41:47PM,16.788,62.8,50154,8.33,0.41,0,-0.4,-1.13,0.05,0.19,0.038,,
12/15/23,04:41:48PM,16.788,62.8,50154,8.33,0.41,0,-0.4,-1.12,0.05,0.18,0.038,,
12/15/23,04:41:49PM,16.788,62.8,50154,8.33,0.41,0,-0.4,-1.12,0.05,0.21,0.038,,
12/15/23,04:41:50PM,16.788,62.8,50154,8.33,0.4,0,-0.39,-1.08,0.05,0.22,0.038,,
12/15/23,04:41:51PM,16.788,62.8,50154,8.33,0.39,0,-0.39,-1.09,0.05,0.21,0.038,,
12/15/23,04:41:52PM,16.788,62.8,50154,8.33,0.38,0,-0.4,-1.12,0.05,0.19,0.038,,
12/15/23,04:41:53PM,16.788,62.8,50154,8.33,0.38,0,-0.41,-1.14,0.04,0.18,0.038,,
12/15/23,04:41:54PM,16.788,62.8,50154,8.33,0.38,0,-0.4,-1.11,0.04,0.17,0.038,,
12/15/23,04:41:55PM,16.788,62.8,50154,8.33,0.38,0,-0.4,-1.13,0.03,0.13,0.038,,
12/15/23,04:41:56PM,16.788,62.8,50154,8.33,0.37,0,-0.41,-1.14,0.03,0.12,0.038,,
12/15/23,04:41:57PM,16.788,62.8,50154,8.33,0.36,0,-0.41,-1.16,0.03,0.12,0.038,,
12/15/23,04:41:58PM,16.788,62.8,50154,8.33,0.35,0,-0.41,-1.16,0.02,0.09,0.038,,
12/15/23,04:41:59PM,16.788,62.8,50154,8.33,0.33,0,-0.43,-1.2,0.02,0.08,0.038,,
12/15/23,04:42:00PM,16.788,62.8,50154,8.33,0.35,0,-0.42,-1.17,0.01,0.05,0.038,,
12/15/23,04:42:01PM,16.788,62.8,50154,8.33,0.34,0,-0.41,-1.15,0.01,0.06,0.038,,
12/15/23,04:42:02PM,16.788,62.8,50153,8.33,0.33,0,-0.41,-1.14,0.01,0.05,0.038,,
12/15/23,04:42:03PM,16.788,62.8,50153,8.33,0.33,0,-0.41,-1.13,0.02,0.06,0.038,,
12/15/23,04:42:04PM,16.788,62.8,50153,8.33,0.33,0,-0.42,-1.17,0.02,0.09,0.038,,
12/15/23,04:42:05PM,16.788,62.8,50153,8.33,0.33,0,-0.41,-1.14,0.02,0.08,0.038,,
12/15/23,04:42:06PM,16.788,62.8,50153,8.33,0.34,0,-0.42,-1.16,0.02,0.09,0.038,,
12/15/23,04:42:07PM,16.788,62.8,50153,8.33,0.35,0,-0.42,-1.18,0.03,0.12,0.038,,
12/15/23,04:42:08PM,16.788,62.8,50152,8.33,0.35,0,-0.42,-1.17,0.03,0.11,0.038,,
12/15/23,04:42:09PM,16.788,62.8,50152,8.33,0.36,0,-0.42,-1.18,0.04,0.14,0.038,,
12/15/23,04:42:10PM,16.788,62.8,50152,8.33,0.35,0,-0.43,-1.2,0.04,0.16,0.038,,
12/15/23,04:42:11PM,16.788,62.8,50152,8.33,0.36,0,-0.42,-1.17,0.05,0.21,0.038,,
12/15/23,04:42:12PM,16.788,62.8,50152,8.33,0.36,0,-0.42,-1.17,0.05,0.21,0.038,,
12/15/23,04:42:13PM,16.788,62.8,50152,8.33,0.36,0,-0.43,-1.2,0.06,0.22,0.038,,
12/15/23,04:42:14PM,16.788,62.8,50152,8.33,0.36,0,-0.42,-1.19,0.06,0.24,0.038,,
12/15/23,04:42:15PM,16.788,62.8,50152,8.33,0.36,0,-0.41,-1.15,0.06,0.24,0.038,,
12/15/23,04:42:16PM,16.788,62.8,50152,8.33,0.35,0,-0.41,-1.16,0.06,0.25,0.038,,
12/15/23,04:42:17PM,16.788,62.8,50151,8.33,0.36,0,-0.41,-1.15,0.07,0.27,0.038,,
12/15/23,04:42:18PM,16.788,62.8,50151,8.33,0.36,0,-0.39,-1.09,0.07,0.27,0.038,,
12/15/23,04:42:19PM,16.788,62.8,50152,8.33,0.35,0,-0.4,-1.11,0.07,0.26,0.038,,
12/15/23,04:42:20PM,16.787,62.8,50152,8.33,0.35,0,-0.4,-1.12,0.06,0.25,0.038,,
12/15/23,04:42:21PM,16.787,62.8,50151,8.33,0.34,0,-0.4,-1.12,0.06,0.25,0.038,,
12/15/23,04:42:22PM,16.787,62.8,50151,8.33,0.34,0,-0.38,-1.07,0.06,0.23,0.038,,
12/15/23,04:42:23PM,16.787,62.8,50152,8.33,0.34,0,-0.37,-1.03,0.06,0.23,0.039,,
12/15/23,04:42:24PM,16.787,62.8,50152,8.33,0.35,0,-0.37,-1.04,0.05,0.21,0.039,,
12/15/23,04:42:25PM,16.787,62.8,50152,8.33,0.34,0,-0.35,-0.99,0.06,0.22,0.039,,
12/15/23,04:42:26PM,16.787,62.8,50152,8.33,0.35,0,-0.36,-1.01,0.07,0.26,0.039,,
12/15/23,04:42:27PM,16.787,62.8,50152,8.33,0.35,0,-0.37,-1.03,0.06,0.23,0.039,,
12/15/23,04:42:28PM,16.787,62.8,50152,8.33,0.35,0,-0.37,-1.04,0.06,0.24,0.039,,
12/15/23,04:42:29PM,16.787,62.8,50152,8.33,0.35,0,-0.36,-1,0.05,0.19,0.039,,
12/15/23,04:42:30PM,16.787,62.8,50152,8.33,0.35,0,-0.38,-1.05,0.05,0.2,0.039,,
12/15/23,04:42:31PM,16.787,62.8,50153,8.33,0.34,0,-0.38,-1.05,0.05,0.2,0.039,,
12/15/23,04:42:32PM,16.787,62.8,50152,8.33,0.35,0,-0.38,-1.08,0.05,0.18,0.039,,
12/15/23,04:42:33PM,16.787,62.8,50153,8.33,0.35,0,-0.38,-1.06,0.05,0.18,0.039,,
12/15/23,04:42:34PM,16.787,62.8,50153,8.33,0.36,0,-0.39,-1.09,0.04,0.16,0.039,,
12/15/23,04:42:35PM,16.787,62.8,50153,8.33,0.36,0,-0.39,-1.08,0.05,0.18,0.039,,
12/15/23,04:42:36PM,16.787,62.8,50153,8.33,0.36,0,-0.39,-1.08,0.04,0.14,0.039,,
12/15/23,04:42:37PM,16.787,62.8,50153,8.33,0.36,0,-0.39,-1.08,0.03,0.12,0.039,,
12/15/23,04:42:38PM,16.787,62.8,50153,8.33,0.35,0,-0.38,-1.06,0.04,0.15,0.039,,
12/15/23,04:42:39PM,16.787,62.8,50153,8.33,0.35,0,-0.37,-1.03,0.04,0.16,0.039,,
12/15/23,04:42:40PM,16.787,62.8,50153,8.33,0.36,0,-0.38,-1.08,0.05,0.2,0.039,,
12/15/23,04:42:41PM,16.787,62.8,50153,8.33,0.36,0,-0.4,-1.11,0.05,0.2,0.039,,
12/15/23,04:42:42PM,16.787,62.8,50153,8.33,0.37,0,-0.4,-1.13,0.06,0.23,0.039,,
12/15/23,04:42:43PM,16.787,62.8,50153,8.33,0.36,0,-0.41,-1.14,0.06,0.23,0.039,,
12/15/23,04:42:44PM,16.787,62.8,50153,8.33,0.37,0,-0.43,-1.21,0.06,0.23,0.039,,
12/15/23,04:42:45PM,16.787,62.8,50154,8.33,0.37,0,-0.43,-1.21,0.07,0.27,0.039,,
12/15/23,04:42:46PM,16.787,62.8,50154,8.33,0.38,0,-0.43,-1.2,0.07,0.27,0.039,,
12/15/23,04:42:47PM,16.786,62.8,50153,8.33,0.38,0,-0.42,-1.19,0.07,0.29,0.039,,
12/15/23,04:42:48PM,16.787,62.8,50153,8.33,0.38,0,-0.43,-1.21,0.07,0.28,0.039,,
12/15/23,04:42:49PM,16.787,62.8,50153,8.33,0.37,0,-0.41,-1.15,0.07,0.26,0.039,,
12/15/23,04:42:50PM,16.786,62.8,50153,8.33,0.37,0,-0.39,-1.1,0.06,0.24,0.039,,
12/15/23,04:42:51PM,16.786,62.8,50153,8.33,0.37,0,-0.39,-1.08,0.06,0.25,0.039,,
12/15/23,04:42:52PM,16.786,62.8,50153,8.33,0.39,0,-0.39,-1.08,0.07,0.26,0.039,,
12/15/23,04:42:53PM,16.786,62.8,50153,8.33,0.39,0,-0.37,-1.05,0.06,0.25,0.039,,
12/15/23,04:42:54PM,16.786,62.8,50154,8.33,0.39,0,-0.38,-1.07,0.07,0.28,0.039,,
12/15/23,04:42:55PM,16.786,62.8,50153,8.33,0.38,0,-0.38,-1.07,0.06,0.23,0.039,,
12/15/23,04:42:56PM,16.786,62.8,50153,8.33,0.38,0,-0.39,-1.09,0.05,0.22,0.039,,
12/15/23,04:42:57PM,16.786,62.8,50153,8.33,0.38,0,-0.39,-1.1,0.05,0.22,0.038,,
12/15/23,04:42:58PM,16.786,62.8,50153,8.33,0.38,0,-0.41,-1.15,0.06,0.23,0.038,,
12/15/23,04:42:59PM,16.786,62.8,50152,8.33,0.36,0,-0.4,-1.12,0.06,0.25,0.038,,
12/15/23,04:43:00PM,16.786,62.8,50152,8.33,0.35,0,-0.4,-1.12,0.06,0.25,0.038,,
12/15/23,04:43:01PM,16.786,62.8,50153,8.33,0.35,0,-0.38,-1.06,0.06,0.25,0.038,,
12/15/23,04:43:02PM,16.786,62.8,50153,8.33,0.35,0,-0.37,-1.04,0.06,0.26,0.038,,
12/15/23,04:43:03PM,16.786,62.8,50153,8.33,0.34,0,-0.36,-0.99,0.06,0.26,0.038,,
12/15/23,04:43:04PM,16.786,62.8,50153,8.33,0.34,0,-0.37,-1.03,0.06,0.24,0.038,,
12/15/23,04:43:05PM,16.786,62.8,50153,8.33,0.33,0,-0.36,-1.02,0.06,0.22,0.038,,
12/15/23,04:43:06PM,16.786,62.8,50154,8.33,0.33,0,-0.37,-1.03,0.06,0.25,0.038,,
12/15/23,04:43:07PM,16.786,62.8,50153,8.33,0.32,0,-0.35,-0.99,0.07,0.27,0.038,,
12/15/23,04:43:08PM,16.786,62.8,50153,8.33,0.31,0,-0.36,-1.02,0.07,0.28,0.038,,
12/15/23,04:43:09PM,16.786,62.8,50154,8.33,0.31,0,-0.39,-1.08,0.07,0.28,0.038,,
12/15/23,04:43:10PM,16.786,62.8,50154,8.33,0.31,0,-0.37,-1.05,0.07,0.27,0.038,,
12/15/23,04:43:11PM,16.786,62.9,50154,8.33,0.3,0,-0.36,-1,0.07,0.27,0.038,,
12/15/23,04:43:12PM,16.786,62.9,50154,8.33,0.3,0,-0.37,-1.03,0.06,0.25,0.038,,
12/15/23,04:43:13PM,16.786,62.9,50154,8.33,0.29,0,-0.36,-1,0.05,0.22,0.038,,
12/15/23,04:43:14PM,16.786,62.9,50154,8.33,0.29,0,-0.36,-1.02,0.06,0.22,0.038,,
12/15/23,04:43:15PM,16.786,62.9,50154,8.33,0.3,0,-0.36,-1.02,0.05,0.2,0.038,,
12/15/23,04:43:16PM,16.786,62.9,50155,8.33,0.29,0,-0.37,-1.03,0.04,0.18,0.038,,
12/15/23,04:43:17PM,16.786,62.9,50155,8.33,0.29,0,-0.36,-1,0.05,0.19,0.038,,
12/15/23,04:43:18PM,16.786,62.9,50155,8.33,0.29,0,-0.35,-0.98,0.04,0.18,0.038,,
12/15/23,04:43:19PM,16.786,62.9,50155,8.33,0.29,0,-0.34,-0.96,0.04,0.16,0.038,,
12/15/23,04:43:20PM,16.786,62.9,50155,8.33,0.29,0,-0.37,-1.04,0.04,0.17,0.038,,
12/15/23,04:43:21PM,16.786,62.9,50156,8.33,0.29,0,-0.37,-1.04,0.04,0.16,0.038,,
12/15/23,04:43:22PM,16.786,62.9,50155,8.33,0.29,0,-0.38,-1.06,0.04,0.15,0.038,,
12/15/23,04:43:23PM,16.786,62.9,50155,8.33,0.3,0,-0.36,-1.02,0.04,0.17,0.038,,
12/15/23,04:43:24PM,16.786,62.9,50155,8.33,0.3,0,-0.37,-1.03,0.05,0.19,0.038,,
12/15/23,04:43:25PM,16.786,62.9,50155,8.33,0.3,0,-0.36,-1,0.05,0.2,0.038,,
12/15/23,04:43:26PM,16.786,62.9,50156,8.33,0.31,0,-0.37,-1.04,0.06,0.23,0.038,,
12/15/23,04:43:27PM,16.786,62.9,50156,8.33,0.32,0,-0.37,-1.04,0.07,0.27,0.038,,
12/15/23,04:43:28PM,16.786,62.9,50156,8.33,0.33,0,-0.36,-1.02,0.07,0.26,0.038,,
12/15/23,04:43:29PM,16.786,62.9,50155,8.33,0.33,0,-0.36,-1.02,0.07,0.27,0.038,,
12/15/23,04:43:30PM,16.786,62.9,50155,8.33,0.32,0,-0.38,-1.06,0.07,0.27,0.039,,
12/15/23,04:43:31PM,16.786,62.9,50155,8.33,0.33,0,-0.38,-1.05,0.07,0.28,0.039,,
12/15/23,04:43:32PM,16.786,62.9,50155,8.33,0.34,0,-0.38,-1.06,0.07,0.27,0.038,,
12/15/23,04:43:33PM,16.786,62.9,50155,8.33,0.35,0,-0.39,-1.08,0.07,0.26,0.039,,
12/15/23,04:43:34PM,16.786,62.9,50155,8.33,0.35,0,-0.39,-1.08,0.06,0.26,0.039,,
12/15/23,04:43:35PM,16.786,62.9,50154,8.33,0.35,0,-0.38,-1.06,0.07,0.26,0.039,,
12/15/23,04:43:36PM,16.786,62.9,50155,8.33,0.35,0,-0.38,-1.06,0.07,0.27,0.039,,
12/15/23,04:43:37PM,16.786,62.9,50155,8.33,0.35,0,-0.38,-1.08,0.06,0.25,0.039,,
12/15/23,04:43:38PM,16.786,62.9,50155,8.33,0.35,0,-0.4,-1.11,0.06,0.25,0.039,,
12/15/23,04:43:39PM,16.786,62.9,50155,8.33,0.36,0,-0.38,-1.07,0.06,0.25,0.039,,
12/15/23,04:43:40PM,16.786,62.9,50155,8.33,0.37,0,-0.38,-1.07,0.06,0.23,0.038,,
12/15/23,04:43:41PM,16.786,62.9,50155,8.33,0.36,0,-0.38,-1.05,0.06,0.23,0.038,,
12/15/23,04:43:42PM,16.786,62.9,50155,8.33,0.36,0,-0.37,-1.05,0.06,0.23,0.038,,
12/15/23,04:43:43PM,16.786,62.9,50155,8.33,0.36,0,-0.37,-1.03,0.05,0.21,0.038,,
12/15/23,04:43:44PM,16.786,62.9,50155,8.33,0.35,0,-0.37,-1.05,0.05,0.21,0.038,,
12/15/23,04:43:45PM,16.786,62.9,50155,8.33,0.35,0,-0.37,-1.05,0.06,0.23,0.038,,
12/15/23,04:43:46PM,16.786,62.9,50154,8.33,0.35,0,-0.38,-1.05,0.06,0.23,0.038,,
12/15/23,04:43:47PM,16.786,62.9,50155,8.33,0.35,0,-0.37,-1.04,0.05,0.2,0.038,,
12/15/23,04:43:48PM,16.786,62.9,50155,8.33,0.35,0,-0.38,-1.07,0.05,0.2,0.038,,
12/15/23,04:43:49PM,16.786,62.9,50155,8.33,0.34,0,-0.39,-1.09,0.04,0.18,0.038,,
12/15/23,04:43:50PM,16.786,62.9,50155,8.33,0.33,0,-0.39,-1.1,0.04,0.17,0.038,,
12/15/23,04:43:51PM,16.786,62.9,50155,8.33,0.33,0,-0.39,-1.09,0.05,0.19,0.038,,
12/15/23,04:43:52PM,16.786,62.9,50155,8.33,0.33,0,-0.39,-1.09,0.05,0.19,0.038,,
12/15/23,04:43:53PM,16.786,62.9,50155,8.33,0.33,0,-0.39,-1.1,0.04,0.17,0.038,,
12/15/23,04:43:54PM,16.786,62.9,50155,8.33,0.32,0,-0.4,-1.11,0.05,0.19,0.038,,
12/15/23,04:43:55PM,16.786,62.9,50155,8.33,0.31,0,-0.4,-1.11,0.05,0.21,0.039,,
12/15/23,04:43:56PM,16.786,62.9,50155,8.33,0.32,0,-0.4,-1.13,0.05,0.18,0.039,,
12/15/23,04:43:57PM,16.785,62.9,50155,8.33,0.32,0,-0.39,-1.1,0.04,0.17,0.039,,
12/15/23,04:43:58PM,16.785,62.9,50155,8.33,0.33,0,-0.4,-1.12,0.04,0.16,0.038,,
12/15/23,04:43:59PM,16.785,62.9,50156,8.33,0.32,0,-0.4,-1.13,0.04,0.15,0.038,,
12/15/23,04:44:00PM,16.785,62.9,50156,8.33,0.32,0,-0.41,-1.15,0.04,0.17,0.038,,
12/15/23,04:44:01PM,16.785,62.9,50156,8.33,0.31,0,-0.41,-1.14,0.05,0.21,0.038,,
12/15/23,04:44:02PM,16.785,62.9,50156,8.33,0.31,0,-0.42,-1.17,0.05,0.2,0.038,,
12/15/23,04:44:03PM,16.785,62.9,50156,8.33,0.31,0,-0.42,-1.18,0.05,0.19,0.038,,
12/15/23,04:44:04PM,16.785,62.9,50155,8.33,0.32,0,-0.42,-1.19,0.06,0.23,0.038,,
12/15/23,04:44:05PM,16.785,62.9,50155,8.33,0.32,0,-0.42,-1.17,0.06,0.24,0.038,,
12/15/23,04:44:06PM,16.785,62.9,50155,8.33,0.32,0,-0.41,-1.15,0.05,0.22,0.038,,
12/15/23,04:44:07PM,16.785,62.9,50155,8.33,0.3,0,-0.41,-1.15,0.06,0.25,0.038,,
12/15/23,04:44:08PM,16.785,62.9,50155,8.33,0.31,0,-0.41,-1.15,0.07,0.26,0.038,,
12/15/23,04:44:09PM,16.785,62.9,50155,8.33,0.31,0,-0.4,-1.13,0.07,0.27,0.038,,
12/15/23,04:44:10PM,16.785,62.9,50155,8.33,0.32,0,-0.41,-1.15,0.07,0.3,0.038,,
12/15/23,04:44:11PM,16.785,62.9,50155,8.33,0.31,0,-0.4,-1.11,0.07,0.28,0.038,,
12/15/23,04:44:12PM,16.785,62.9,50155,8.33,0.3,0,-0.4,-1.12,0.06,0.25,0.038,,
12/15/23,04:44:13PM,16.785,62.9,50154,8.33,0.3,0,-0.4,-1.13,0.06,0.25,0.038,,
12/15/23,04:44:14PM,16.785,62.9,50154,8.33,0.32,0,-0.4,-1.13,0.07,0.27,0.038,,
12/15/23,04:44:15PM,16.785,62.9,50154,8.33,0.32,0,-0.4,-1.13,0.06,0.26,0.038,,
12/15/23,04:44:16PM,16.785,62.9,50155,8.33,0.33,0,-0.42,-1.17,0.06,0.23,0.039,,
12/15/23,04:44:17PM,16.785,62.9,50155,8.33,0.33,0,-0.43,-1.19,0.06,0.26,0.038,,
12/15/23,04:44:18PM,16.785,62.9,50155,8.33,0.34,0,-0.42,-1.19,0.06,0.24,0.039,,
12/15/23,04:44:19PM,16.785,62.9,50155,8.33,0.34,0,-0.43,-1.2,0.06,0.24,0.039,,
12/15/23,04:44:20PM,16.785,62.9,50155,8.33,0.34,0,-0.42,-1.19,0.06,0.23,0.039,,
12/15/23,04:44:21PM,16.785,62.9,50155,8.33,0.34,0,-0.42,-1.19,0.06,0.24,0.039,,
12/15/23,04:44:22PM,16.785,62.9,50155,8.33,0.36,0,-0.44,-1.22,0.06,0.24,0.039,,
12/15/23,04:44:23PM,16.785,62.9,50156,8.33,0.35,0,-0.42,-1.19,0.06,0.23,0.039,,
12/15/23,04:44:24PM,16.785,62.9,50155,8.33,0.34,0,-0.41,-1.14,0.05,0.22,0.039,,
12/15/23,04:44:25PM,16.785,62.9,50155,8.33,0.35,0,-0.43,-1.19,0.05,0.21,0.039,,
12/15/23,04:44:26PM,16.785,62.9,50155,8.33,0.35,0,-0.43,-1.2,0.05,0.2,0.039,,
12/15/23,04:44:27PM,16.785,62.9,50156,8.33,0.35,0,-0.43,-1.2,0.05,0.21,0.039,,
12/15/23,04:44:28PM,16.785,62.9,50155,8.33,0.35,0,-0.44,-1.23,0.05,0.18,0.039,,
12/15/23,04:44:29PM,16.785,62.9,50156,8.33,0.35,0,-0.44,-1.23,0.05,0.19,0.039,,
12/15/23,04:44:30PM,16.785,62.9,50155,8.33,0.35,0,-0.45,-1.25,0.05,0.19,0.039,,
12/15/23,04:44:31PM,16.785,62.9,50156,8.33,0.35,0,-0.44,-1.24,0.04,0.17,0.039,,
12/15/23,04:44:32PM,16.785,62.9,50155,8.33,0.35,0,-0.45,-1.25,0.04,0.15,0.039,,
12/15/23,04:44:33PM,16.785,62.9,50156,8.33,0.34,0,-0.45,-1.26,0.04,0.15,0.038,,
12/15/23,04:44:34PM,16.785,62.9,50156,8.33,0.34,0,-0.45,-1.26,0.04,0.17,0.038,,
12/15/23,04:44:35PM,16.785,62.9,50155,8.33,0.34,0,-0.43,-1.21,0.04,0.17,0.038,,
12/15/23,04:44:39PM,16.785,62.9,50153,8.33,0.34,0,-0.41,-1.15,0.04,0.16,0.038,,
12/15/23,04:44:40PM,16.785,62.9,50153,8.33,0.33,0,-0.45,-1.25,0.04,0.18,0.039,,